id,name,startDate,endDate,odi,t20,test,squads,matches
d854d3d2-9260-455e-a0e6-21e3906e83f8,"England tour of Ireland, 2025",2025-09-17,Sep 21,3,0,0,0,3
f5dee348-f6f6-4d0d-b4f1-b78bbea2aca1,"South Africa tour of England, 2025",2025-09-02,Sep 14,3,3,0,0,6
40100bbd-49c9-40e5-87d5-92866692b620,"India Women tour of England, 2025",2025-06-28,Jul 22,3,5,0,0,8
8f227d30-17ca-4b64-9896-90fb2521f78f,"India tour of England, 2025",2025-06-20,Aug 04,0,0,5,0,5
f9e434f8-9aed-406b-88dd-15578c8a8427,"West Indies tour of England, 2025",2025-05-29,Jun 10,3,3,0,0,6
94111d98-0f1f-470f-88b6-e55e737d7be3,"West Indies Women tour of England, 2025",2025-05-21,Jun 06,3,3,0,0,6
e8ec36bd-ea3b-4bc6-b3de-890383e5be6e,"Australia Women tour of New Zealand, 2025",2025-03-21,Mar 26,0,3,0,0,3
8465598f-a097-4a0b-9c56-806c84ca7cce,"Pakistan tour of New Zealand, 2025",2025-03-16,Apr 25,3,5,0,0,8
40b93362-48f6-444d-b8b9-6cb583b9788d,"Sri Lanka Women tour of New Zealand, 2025",2025-03-04,Mar 18,3,3,0,0,6
03532633-c83b-401a-aecb-99da710ae4fd,CSA Provincial One-Day Challenge Division Two 2025,2025-02-15,Mar 14,29,0,0,0,29
c459a046-6e27-4499-8ee8-1915f783cf38,CSA Provincial One-Day Challenge Division One 2025,2025-02-15,Mar 16,30,0,0,0,30
73d8a60c-dfa2-4814-a80a-378c92422b5a,"Pakistan ODI Tri-Series, 2025",2025-02-08,Feb 14,4,0,0,0,4
bf12ec10-a6e7-43b1-8cf6-6e2fcb4321f9,"England tour of India, 2025",2025-01-22,Feb 12,3,5,0,0,8
94189858-8624-4e55-9904-1cbdb6c049cf,ICC Under 19 Womens T20 World Cup 2025,2025-01-18,Feb 02,0,41,0,0,41
0b624d70-0c55-40f1-89e9-f6086aa40813,"West Indies tour of Pakistan, 2025",2025-01-16,Jan 28,0,0,2,0,2
c44fe6b1-9124-4c3b-b7a0-82acc9d98303,"Womens Ashes, 2025",2025-01-12,Jan 30,3,3,1,0,7
c0bb686a-71d5-4f21-95cd-d049ccd53e9d,"Sri Lanka tour of New Zealand, 2024-25",2024-12-28,Jan 11,3,3,0,0,6
cb0cd980-79da-4ba6-a7d6-7453978082cc,"Australia Women tour of New Zealand, 2024",2024-12-18,Dec 23,3,0,0,0,3
eb78eb48-71e4-497a-b35b-4a852fb5a1f7,Big Bash League 2024-25,2024-12-15,Jan 27,0,44,0,0,44
e7684d03-74d9-429c-b7c3-421989f47818,"Pakistan tour of South Africa, 2024 -25",2024-12-10,Jan 07,3,3,2,0,8
0a8cbca7-33bf-4a6c-9439-504302659455,"India Women tour of Australia, 2024",2024-12-05,Dec 11,3,0,0,0,3
4469406c-f70a-48d6-bcb9-5c7947db686b,"England tour of New Zealand, 2024",2024-11-27,Dec 18,0,0,3,0,3
50feeeb6-dbb3-4c3a-a746-58239528fc7d,"Sri Lanka tour of South Africa, 2024",2024-11-27,Dec 09,0,0,2,0,2
a29f3fed-54e2-448f-acc1-83cd4b9072a2,"Pakistan tour of Zimbabwe, 2024",2024-11-24,Dec 05,3,3,0,0,6
3b9c08a6-77ec-4554-918f-33a0ecd8df02,"England Women tour of South Africa, 2024",2024-11-24,Dec 18,3,3,1,0,7
a8bdd15c-c13f-4a62-99ce-b76874678400,Syed Mushtaq Ali Trophy 2024,2024-11-23,Dec 15,0,135,0,0,135
9fa5c32f-9130-4804-8805-f286c4efd8bd,"Bangladesh tour of West Indies, 2024",2024-11-15,Dec 19,3,3,2,0,9
67cf9cd6-d441-4c87-9d8f-b59108a3a181,"India tour of Australia, 2024-25",2024-11-22,Jan 07,0,0,5,0,5
058f5196-a61e-4b77-bbb8-e87a8d57712d,Ranji Trophy Elite 2024-25,2024-11-13,Mar 02,0,0,119,0,40
f27f88cc-096d-4130-83ec-437b26fd5f7b,"India tour of South Africa, 2024",2024-11-08,Nov 15,0,4,0,0,4
e51113da-776f-4b18-9136-cde5a70ad50b,"Pakistan tour of Australia, 2024",2024-11-04,Nov 18,3,3,0,0,6
ecc918e9-fdbd-4a36-bfda-b9b44fc9e003,"India A tour of Australia, 2024",2024-10-31,Nov 10,0,0,2,0,2
07f32ece-bf7e-4c42-9982-a8af91acdc52,CSA Four-Day Series Division Two 2024-25,2024-10-31,Apr 06,0,0,22,0,22
8bb6d4e1-8e80-4979-b2f4-62026355153e,"England tour of West Indies, 2024",2024-10-31,Nov 17,3,5,0,0,8
2e3effc5-142a-46ed-a1d7-b6d98541c78c,CSA Four-Day Series Division One 2024-25,2024-10-30,Apr 14,0,0,29,0,29
0bd6ff18-9060-4acc-8164-8551be32daed,Womens Big Bash League 2024,2024-10-27,Dec 01,0,43,0,0,43
403410bb-b597-4da4-9fb4-fdab6b473813,"New Zealand tour of India, 2024",2024-10-16,Nov 05,0,0,3,0,3
6154aa9a-bbda-499a-854b-f2773e5139f7,Ranji Trophy Plate 2024-25,2024-10-11,Jan 27,0,0,16,0,16
f7bd170f-0fdb-4446-97a5-3a77eaf95b77,Ranji Trophy Elite 2024-25,2024-10-11,Mar 02,0,0,119,0,91
5c62885d-0d3f-4b56-b99e-eb17ad1895f2,T20 Spring Challenge 2024,2024-10-10,Oct 20,0,21,0,0,21
0a25b3fb-3fc9-4c22-b11b-a30defda74f2,Sheffield Shield 2024-25,2024-10-07,Mar 30,0,0,31,0,31
bd505f56-4901-4feb-9132-2c8cd863a100,"England tour of Pakistan, 2024",2024-10-07,Oct 28,0,0,3,0,3
0ad89f68-dcb7-4ed7-a312-66f8d531b6c0,"ICC Womens T20 World Cup, 2024",2024-10-03,Oct 20,0,23,0,2,23
6e08077a-fc8e-421e-97c2-61435d5d4214,Irani Cup 2024,2024-10-01,Oct 05,0,0,1,0,1
29622e8f-631d-4bbc-bfe9-c4dc9ef22b55,"ICC Mens T20 World Cup Sub Regional East Asia-Pacific Qualifier B, 2024",2024-09-28,Oct 05,0,12,0,0,12
e4272d6e-60da-4156-9fb8-be20e7d227ef,"Ireland v South Africa in UAE, 2024",2024-09-27,Oct 07,3,2,0,0,5
dcbae8d0-b1b1-4414-9c0c-b0db5d2fb2ea,CSA T20 Challenge 2024,2024-09-27,Oct 27,0,32,0,0,32
d5bf7750-a6a2-4de8-bf18-c6e999d09643,Australia Domestic One-Day Cup 2024-25,2024-09-21,Mar 01,22,0,0,0,22
883e05a7-c8d5-47e1-b21f-b5873431458d,"Australia Under 19 tour of India, 2024",2024-09-21,Oct 10,3,0,2,0,5
a034680e-db24-4a37-9b1a-a3abad3f0787,CSA T20 Knock Out Competition 2024,2024-09-21,Oct 21,0,24,0,0,24
08ae1cff-b4b9-4dd6-8f1e-14e3ac08cda8,ICC Mens T20 World Cup Africa Sub Regional Qualifier A 2024,2024-09-21,Sep 26,0,15,0,0,15
f42f527a-6562-44b1-bb46-2fb2f505bf63,"Bangladesh tour of India, 2024",2024-09-19,Oct 12,0,3,2,0,5
76d7b3af-a06d-4040-b01f-c7bf7510cb50,"New Zealand tour of Sri Lanka, 2024",2024-09-18,Sep 30,0,0,2,0,2
42c64b08-67ff-4cbc-963a-5a3e831b0297,"Afghanistan v South Africa in UAE, 2024",2024-09-18,Sep 22,3,0,0,0,3
bbad4d91-68ce-4b27-ae7c-67a69c64e39d,"South Africa Women tour of Pakistan, 2024",2024-09-16,Sep 20,0,3,0,0,3
55d45d16-2ea1-4f70-8cea-0e60e5180619,"Australia tour of England, 2024",2024-09-11,Sep 29,5,3,0,0,8
b2f0292b-34ab-4b8e-ac53-180e670162a9,"Afghanistan v New Zealand in India, 2024",2024-09-09,Sep 13,0,0,1,0,1
5d9f304f-4cb4-4eac-b689-89e7b3360a60,England Women tour of Ireland 2024,2024-09-07,Sep 17,3,3,0,0,6
98f7bf57-43df-48ad-adc7-7bd1470fc7b7,Duleep Trophy 2024,2024-09-05,Sep 22,0,0,6,4,6
62d55656-4c1b-4016-b1f3-35228f023752,"Australia tour of Scotland, 2024",2024-09-04,Sep 07,0,3,0,0,3
5c50d0e4-8d29-42a5-9ee8-fa2144cd25d3,"Sri Lanka A tour of South Africa,2024",2024-08-31,Sep 18,3,0,2,2,5
da428793-690a-49b9-bd41-17e7303537dd,ICC Mens T20 World Cup Asia Qualifier A 2024,2024-08-30,Sep 09,0,21,0,7,21
8454fb69-8ab8-4dd2-878b-55157106b2b9,Caribbean Premier League 2024,2024-08-29,Oct 06,0,34,0,6,34
539028c7-4a95-4ab7-997a-70ad1f8da522,"Netherlands T20I Tri-Series, 2024",2024-08-23,Aug 28,0,6,0,3,6
b0e5bc9a-d3af-4b88-a253-e64f4239ca58,"Bangladesh tour of Pakistan, 2024",2024-08-21,Sep 03,0,0,2,2,2
7b26eaed-910e-421f-9f2c-d9cedc36cf6c,Womens Valletta Cup 2024,2024-08-21,Aug 25,0,7,0,4,7
811ec8c9-d1db-4fe7-8ff8-d35f4f6b3386,"Malaysia T20I Tri Nations Cup, 2024",2024-08-21,Aug 27,0,7,0,3,7
39bb260e-684d-46c5-9501-73cc6ee0fe31,Womens Caribbean Premier League 2024,2024-08-21,Aug 29,0,7,0,3,7
a9435ad8-e1c1-4143-8298-520f802d6df0,"ICC Mens T20 World Cup Sub Regional Europe Qualifier C, 2024",2024-08-21,Aug 28,0,24,0,10,24
a56429d3-a622-4da7-b048-35dd98db3bb8,"Sri Lanka tour of England, 2024",2024-08-14,Sep 10,0,0,3,3,4
1b9d97e7-4502-45f7-af95-7e8b7685d981,"Bangladesh A tour of Pakistan, 2024",2024-08-20,Aug 30,3,0,2,2,5
16cc591a-96f6-4bc2-b29e-a2e34800382c,"ICC Mens T20 World Cup Sub Regional East Asia-Pacific Qualifier A, 2024",2024-08-16,Aug 24,0,12,0,4,12
13534352-673a-4448-a251-72c2e0672c4a,Maharaja Trophy KSCA T20 2024,2024-08-15,Sep 01,0,33,0,6,33
178ce754-0bad-43c2-bea1-e2b20c80c1ba,"Womens Tri-Series in Namibia, 2024",2024-08-13,Sep 15,0,10,0,0,10
7a56ada3-6a44-44b2-b128-af9fc7725894,Sri Lanka Women tour of Ireland 2024,2024-08-11,Aug 20,3,2,0,2,5
a5275b25-255c-4ab3-bba3-8f28671c4b92,Nordic Women T20I Cup 2024,2024-08-09,Aug 11,0,10,0,5,10
ccb4e968-57a1-4b04-8988-d08369754748,"Womens Tri-Series in Netherlands, 2024",2024-08-05,Aug 16,6,3,0,3,9
cd63d581-b7d1-4599-975b-9d1799d95695,"Spain tour of Croatia, 2024",2024-08-02,Aug 06,0,5,0,2,5
6f80118a-c779-4216-a89d-e120daa393a1,"South Africa tour of West Indies, 2024",2024-07-31,Aug 27,0,3,2,3,6
b2620cd9-7201-4866-bdea-7690350ade2d,,2024-07-27,,0,0,0,0,6
cd10491a-4a2f-4fd1-bef9-3e1c4614732c,"India tour of Sri Lanka, 2024",2024-07-27,Aug 07,3,3,0,2,6
105b1f10-eb6c-45f5-a06b-05ffec9af7a2,Germany Womens T20I Tri-Series 2024,2024-07-26,Jul 28,0,7,0,3,7
d5765bf8-3845-4ca4-9153-eeac81c56f32,"Zimbabwe tour of Ireland, 2024",2024-07-25,Jul 29,0,0,1,2,1
befd6f1f-5f4e-4916-8a50-53834a862110,Global T20 Canada 2024,2024-07-25,Aug 21,0,25,0,6,25
89ec04b8-24b3-4781-a5b6-ddafdb9efc58,England Domestic One-Day Cup 2024,2024-07-24,Sep 22,77,0,0,18,77
2b3b1050-794a-43d1-95be-fb9cdbe5aac2,The Hundred Womens Competition 2024,2024-07-23,Aug 18,0,0,0,8,34
97d0fbb9-fd30-41aa-96bd-c84617729058,The Hundred Mens Competition 2024,2024-07-23,Aug 18,0,0,0,8,34
e544c40d-15fb-46d5-a434-0428ba6f3352,ICC Mens T20 World Cup East Asia Pacific Qualifier 2023,2023-07-21,Jul 29,0,12,0,4,12
313e778b-c306-4fd3-a5a8-cfd8687c724d,ICC Mens T20 World Cup Europe Qualifier 2023,2023-07-20,Jul 28,0,21,0,7,21
ea671d73-6b59-43bb-a4a1-cd0001521f0d,"Womens Asia Cup T20, 2024",2024-07-19,Jul 28,0,15,0,8,15
d917eec2-816d-49ff-b87e-f45b36bfecf9,"Guernsey Women tour of Jersey, 2024",2024-07-14,Jul 14,0,1,0,2,1
e5710078-b96a-4002-8d32-a1c175dbdf13,Nigeria tour of Kenya 2024,2024-07-12,Jul 17,0,5,0,2,12
8416d6a5-c599-4d86-8f89-56383edc6c07,"West Indies tour of England, 2024",2024-07-03,Jul 30,0,0,3,4,4
4b8371ad-ab59-4384-93db-5d172475b3cc,"ICC T20 World Cup Sub Regional Europe Qualifier B, 2024",2024-07-07,Jul 14,0,24,0,10,24
4ac9b2e4-144a-4e8d-9229-1abded446a8e,"India tour of Zimbabwe, 2024",2024-07-06,Jul 14,0,5,0,2,5
729d64c4-7c2f-47c2-868a-89b8ef6a33c4,Tamil Nadu Premier League 2024,2024-07-05,Aug 04,0,32,0,8,32
e3a14fbd-4912-4997-b8d5-02bba9a45aab,Major League Cricket 2024,2024-07-05,Jul 28,0,25,0,6,25
d13235de-1bd4-4e5e-87e8-766c21f11661,World Championship of Legends 2024,2024-07-03,Jul 13,0,18,0,6,18
dce49e99-6d13-4c92-be4f-1e4808e6c52b,Indonesia Womens T20I Tri-Series 2024,2024-07-02,Jul 08,0,9,0,3,9
1b5d955a-4e36-4280-9c9d-2746432f6bba,"Lanka Premier League, 2024",2024-07-01,Jul 21,0,24,0,6,24
5a5508ae-1f9f-4e81-9720-eb860949f646,"Serbia tour of Slovenia, 2024",2024-06-29,Jun 30,0,3,0,2,3
9d8c67f2-21e6-47d8-b170-e9cce375fc9e,Kenya Quadrangular Cup 2024,2024-06-28,Jul 10,0,11,0,4,20
a1ece0e1-97f7-4ca4-b73d-7448cf96b727,"Sri Lanka Under 19 tour of England, 2024",2024-06-28,Jul 03,3,0,0,2,3
a43a8bb5-e4f3-40c2-bef1-ab7e8d66a4dd,"New Zealand Women tour of England, 2024",2024-06-26,Jul 17,3,5,0,2,8
5889c1c1-6dfe-4483-90a0-31dffadc74cb,"Jersey tour of Guernsey, 2024",2024-06-22,Jun 23,0,3,0,2,3
f72c9b9c-f77b-4c1f-be5f-eed9fd854260,"Hong Kong Women tour of Netherlands, 2024",2024-06-17,Jun 19,0,4,0,2,4
c5724e34-a695-46ff-bc4b-a2642d4e1750,Estonia Women tour of Cyprus 2024,2024-06-17,Jun 19,0,6,0,2,6
a967a25d-1083-4151-996f-55099d772a85,Estonia tour of Cyprus 2024,2024-06-17,Jun 19,0,6,0,2,6
fd6438e1-616d-4014-86ce-a2e0f4ae5ec9,"South Africa Women tour of India, 2024",2024-06-16,Jul 09,3,3,1,2,7
3e791bcd-e76a-4c44-9085-f82f565f71de,"Jersey tour of Denmark, 2024",2024-06-15,Jun 16,0,0,0,2,3
9acc0b4b-8f49-4af0-943b-c2c9d8549ed0,"West Indies Women tour of Sri Lanka, 2024",2024-06-15,Jun 28,2,4,0,2,6
843cb599-602e-4bea-9e41-33672ddbddf7,"Women Central Europe Cup, 2024",2024-06-14,Jun 16,0,6,0,3,6
645ccd7e-af60-4e70-b92d-7e6b8bc2db1c,"ICC Mens T20 World Cup Europe Qualifier A, 2024",2024-06-09,Jun 16,0,24,0,10,24
018aab93-b428-4276-8fad-f7bb788a36e5,"Guernsey tour of Belgium, 2024",2024-06-08,Jun 09,0,4,0,2,4
1761395b-00a7-49cd-a367-73062f571939,"Czech Republic Women tour of Austria, 2024",2024-06-08,Jun 09,0,3,0,2,3
e079ef23-b5e9-4802-93e9-dd2f27db0533,ICC Mens T20 World Cup 2024,2024-06-02,Jun 29,0,55,0,20,55
363f8cd8-d89e-45b0-8978-c2f9015953b6,T20 Blast 2024,2024-05-19,Sep 14,0,133,0,18,134
7ea4c72b-e39c-4f02-84db-15bdcd29922f,Kwibuka Womens Tournament 2024,2024-05-30,Jun 08,0,32,0,8,33
5a1918bb-84b9-46e7-9e0a-ec0b37c750b0,"Italy Women tour of Netherlands, 2024",2024-05-28,May 30,0,4,0,2,4
fbf1d44a-fe3d-4330-9487-c716b86767d7,"Zimbabwe tour of England, 2025",2025-05-28,May 31,0,0,1,0,1
5f2573bb-a50b-44da-a908-a4ee58700176,ICC Mens T20 World Cup Warm-up Matches 2024,2024-05-27,Jun 01,0,15,0,16,15
eab58592-c6cd-48f6-a162-942c7cda9977,Asian Legends League 2024 (Postponed),2024-05-27,May 25,0,0,0,0,15
47eb876f-23a7-4e97-ac7f-4bfdf0bd41c1,"Belgium tour of Austria, 2024",2024-05-25,May 26,0,4,0,2,4
2fc94989-83f7-48d9-a914-c5b5fc3e0480,Continental Cup 2024,2024-05-24,May 26,0,8,0,4,8
7eb63d5f-6106-47ab-a9a5-37d30e17084f,"South Africa tour of West Indies, 2024",2024-05-23,Aug 27,0,6,3,2,9
85cc5960-17cf-423c-8b1c-24c12525b1ef,"Pakistan tour of England, 2024",2024-05-22,May 30,0,4,0,2,4
b0b3a2f7-5d9b-4fb8-ac73-915d75e51891,"Bangladesh tour of USA, 2024",2024-05-21,May 25,0,3,0,2,3
ea06bf4b-6a54-4d03-8bae-3e3811aafdbf,"Luxembourg Women tour of Belgium, 2024",2024-05-19,May 20,0,4,0,2,4
883ca51f-f5db-4b91-b635-d20947e0e983,"Netherlands T20I Tri-Series, 2024",2024-05-18,May 24,0,6,0,3,6
2a5e063b-a002-4ae7-859f-f86b83a34ca0,"Pakistan Women tour of England, 2024",2024-05-11,May 29,3,3,0,2,6
a9c431f5-60ef-426e-8cea-d06d8483efee,"Pakistan tour of Ireland, 2024",2024-05-10,May 14,0,3,0,2,3
973be0af-e92c-4ab7-9c49-a8fadc192e33,Mdina Cup 2024,2024-05-09,May 12,0,7,0,3,7
fe8c9e87-aaf2-4ddb-b22f-9c1f02af808e,"Mongolia tour of Japan, 2024",2024-05-07,May 12,0,5,0,2,7
92abe34b-4468-498e-9c62-c1e7de9b428a,"Guernsey Women vs Isle of Man Women, 2024",2024-05-05,May 06,0,3,0,2,3
9e86cc05-0937-4056-b0bd-ab8d68a8a003,"Zimbabwe tour of Bangladesh, 2024",2024-05-03,May 12,0,5,0,2,5
bc2b4e9a-9961-4acd-9ac0-c01c782715c9,Thailand tour of Indonesia 2024,2024-05-01,May 06,0,5,0,2,5
3a80c785-3f9d-4c06-aa74-e581cd769c57,"India Women tour of Bangladesh, 2024",2024-04-28,May 09,0,5,0,2,5
6f641563-d047-4e4e-9bb6-44fdb2345aeb,ICC Womens T20 World Cup Qualifier 2024,2024-04-25,May 07,0,23,0,10,23
3e82bc6c-5fbe-49f5-a9d1-8369b1cf1dbc,"Kalahari Womens T20I Tournament, 2024",2024-04-22,Apr 26,0,14,0,4,14
a8ddf424-b268-488d-bb89-88ee9b6ca7aa,"Mongolia Women tour of Indonesia, 2024",2024-04-21,Apr 24,0,6,0,2,6
ba696251-230b-439c-a6c7-d9530bdd1626,"Estonia Women tour of Gibraltar, 2024",2024-04-20,Apr 21,0,3,0,2,3
db998a03-3ba2-4cd0-a0c3-e852df1411b1,"New Zealand tour of Pakistan, 2024",2024-04-18,Apr 27,0,5,0,2,5
58ec62f8-2ef1-487b-9b88-24cc617f0cef,"West Indies women tour of Pakistan, 2024",2024-04-18,May 03,3,5,0,2,8
bcdc3414-745a-4277-bdc9-e6f838936535,"Ireland Women v Thailand Women in UAE, 2024",2024-04-16,Apr 18,0,2,0,2,2
be768bcb-1cc3-47c8-8192-e6bf488ac574,"Womens T20I Quadrangular Series, 2024",2024-04-16,Apr 19,0,6,0,4,6
306db293-776f-4b96-bb2e-b5a392f867f9,"Jersey tour of Spain, 2024",2024-04-13,Apr 14,0,2,0,2,2
832ce7d4-957a-453d-9bc7-9ef43fb78bfc,"ACC Mens T20I Premier Cup, 2024",2024-04-12,Apr 21,0,24,0,10,24
45a37a88-e35d-4b3f-86e3-d72cef34d545,Central American Cricket Championships 2024,2024-04-11,Apr 14,0,2,0,2,5
c52c96e7-211f-4d2e-b495-11f279f82598,Womens ODI Tri-Series 2024,2024-04-11,Apr 14,3,0,0,3,3
ee98ab57-ab4d-46bd-ad9e-0383111a3bc1,"Canada tour of USA, 2024",2024-04-07,Apr 13,0,5,0,2,5
2f92baa0-140b-4b16-ab4f-fa436a1310fc,County Championship Division Two 2024,2024-04-05,Sep 29,0,0,56,8,56
555d70d7-00c2-4c0d-b4bd-ec13be513ffb,County Championship Division One 2024,2024-04-05,Sep 29,0,0,70,10,70
24e909f1-0a2d-429a-8e6e-1396364ec66c,"Namibia tour of Oman, 2024",2024-04-01,Apr 07,0,5,0,2,5
9de5eafe-f2da-4800-bb77-86b6ade81729,"Papua New Guinea Women tour of Zimbabwe, 2024",2024-03-24,Apr 02,3,3,0,2,6
34a1627b-a2a6-4e0c-ab7a-e37eb5a5f02e,"Lesotho tour of Eswatini, 2024",2024-03-29,Mar 31,0,5,0,2,5
a6a96727-a354-4f79-b169-2346d8dde836,"Sri Lanka Women tour of South Africa, 2024",2024-03-27,Apr 17,3,3,0,2,6
76ae85e2-88e5-4e99-83e4-5f352108aebc,Indian Premier League 2024,2024-03-22,May 26,0,74,0,11,74
7d35034a-6400-4189-bab0-1b5e6d5c634a,"Australia Women tour of Bangladesh, 2024",2024-03-21,Apr 04,3,3,0,2,6
fcdba53f-ab56-4b26-be78-ece70e0e25be,"England Womens tour of New Zealand, 2024",2024-03-19,Apr 07,3,5,0,2,8
fb93b3c0-1a69-4032-81fd-92f0f7b5019d,"Mens African Games, 2024",2024-03-17,Mar 23,0,16,0,8,16
6ab7a674-77bf-40d9-8013-95e9a1891e8c,"Asian Legends League, 2024",2024-03-16,Mar 24,0,15,0,0,15
ec42a17a-2a2c-4f73-9c3b-56f09bc711dc,"Papua New Guinea tour of Malaysia, 2024",2024-03-16,Mar 17,0,2,0,2,2
c0c9baf0-ec54-42df-9928-fa601b42f3f5,Scotland tour of United Arab Emirates 2024,2024-03-11,Mar 14,0,3,0,2,3
6e5c5ed8-78d8-4162-958b-9e3575639fe8,"Hong Kong T20I Tri-Series, 2024",2024-03-10,Mar 13,0,3,0,4,5
c8a6940b-9378-42b2-886d-e6ae8d9d2afb,"Hong Kong Friendship Cup, 2024",2024-03-09,Mar 09,0,1,0,2,1
ff9815b1-91cf-49a7-b141-ff1c16bb5b17,CSA T20 Challenge 2024,2024-03-08,Apr 28,0,59,0,8,59
d8dbcd67-1c60-4258-b8dd-0cd9ab585c51,"Legends Cricket Trophy, 2024",2024-03-08,Mar 19,0,22,0,9,22
1927322b-a28c-49d3-ace4-a965dde028fb,"Womens African Games, 2024",2024-03-07,Mar 13,0,16,0,8,16
d44f401b-78b5-4231-b0a9-7f01048af966,CSA Provincial T20 Cup 2024,2024-03-06,Apr 07,0,0,0,7,24
93fee88d-7b75-4027-a030-96fa349fa0d3,"Malaysia Open T20I Championship, 2024",2024-03-05,Mar 11,0,12,0,5,12
2108e0eb-8376-4525-8e76-cae47fc024ca,"Sri Lanka tour of Bangladesh, 2024",2024-03-04,Apr 03,3,3,2,2,8
40739d0b-92c5-4282-8f5a-ce4369f13ee6,Papua New Guinea tour of Oman 2024,2024-03-03,Mar 08,2,3,0,2,5
ec5d19b4-da11-42ab-98f1-76103eed6abf,"Afghanistan v Ireland in UAE, 2024",2024-02-28,Mar 18,3,3,1,2,7
4e862c89-24aa-4f8b-ada8-e8419bbd3500,Nepal T20I Tri-Series 2024,2024-02-27,Mar 05,0,7,0,3,7
c6f823d3-0b54-4a2f-bb09-6a6c6b6481cc,Hong Kong tour of Qatar 2024,2024-02-27,Mar 01,0,1,0,2,3
d4036cc8-c1a1-4f63-b47a-00830c6081af,"NCF Womens T20I Invitational, 2024",2024-02-25,Mar 03,0,12,0,4,12
71a7c7dc-3929-408c-9641-1da6d96f8894,Womens Premier League 2024,2024-02-23,Mar 17,0,22,0,5,22
2617c614-38b9-4eca-bbce-45e917f8d3f3,ICC Cricket World Cup Challenge League Play-off 2024,2024-02-22,Mar 03,21,0,0,8,21
958e75fa-66fd-40d1-93ef-867c55f088db,"Australia tour of New Zealand, 2024",2024-02-21,Mar 24,0,3,2,2,5
3f5d80ea-e219-40a2-b08d-4311b15e2cc8,"Pakistan Super League, 2024",2024-02-17,Mar 18,0,34,0,6,34
9b836620-68cb-4798-9647-d479aa871b76,ICC Cricket World Cup League Two 2023-27,2024-02-15,Mar 30,6,0,0,8,27
5c12de02-6d0f-4a67-a531-5d8930bb0378,East Asia Cup 2024,2024-02-14,Feb 17,0,7,0,3,7
cef443ec-d6c0-4919-b6c1-0a1ffda4e6ab,Quadrangular Twenty20 Series in Thailand 2024,2024-02-12,Feb 16,0,8,0,4,8
c4173a45-521b-41c7-a1c8-243affd856b0,Asian Cricket Council Womens Premier Cup 2024,2024-02-10,Feb 18,0,1,0,16,31
d3c950d9-3fab-4a17-a94e-ab6ee253fe85,"Canada tour of Nepal, 2024",2024-02-07,Feb 11,0,0,0,2,3
1b3e59bd-c870-487b-8d6a-e7c049d0d7a8,"Kuwait Women tour of Malaysia, 2024",2024-02-04,Feb 06,0,3,0,2,3
ed2827b2-5554-4fd0-bc82-76add67bea47,"South Africa tour of New Zealand, 2024",2024-01-29,Feb 17,0,0,2,3,3
423e93da-fd50-4fae-a74e-5e6f8fb7ff3b,"Afghanistan tour of Sri Lanka, 2024",2024-02-02,Feb 21,3,3,1,2,7
6f969c32-d866-4898-a757-e5875c07d410,"Maldives v Indonesia in Thailand, 2024",2024-01-29,Jan 30,0,2,0,0,2
51643a0b-8b2d-43be-9538-809b949cd0e0,ACC Mens T20I Challenger Cup 2024,2024-01-27,Feb 11,0,22,0,10,22
1edf73b5-7efa-4d78-ac7a-0fa04a9f75be,"South Africa Women tour of Australia, 2024",2024-01-26,Feb 18,3,3,1,2,7
a5f5095a-72ed-455e-969f-30283ed18305,"England tour of India, 2024",2024-01-25,Mar 11,0,0,5,2,5
d7f5c2a5-ce10-4285-971c-f22e36ce7410,"International League T20, 2024",2024-01-19,Feb 17,0,34,0,6,34
884573c5-8c6b-406d-8c35-974e55a51c07,Bangladesh Premier League 2024,2024-01-19,Mar 01,0,46,0,7,46
c04def08-0f9c-4f29-8008-725e96dc193e,ICC Under 19 World Cup 2024,2024-01-19,Feb 11,41,0,0,16,42
bbd42f6a-6666-4828-90e1-c2998899c129,"Ireland Women tour of Zimbabwe, 2024",2024-01-18,Feb 02,3,5,0,2,8
df717d87-b2c4-46a2-8977-1ced616cd77b,Womens T20 Pacific Cup 2024,2024-01-16,Jan 21,0,12,0,5,12
9f0352a6-8e6e-4f01-a226-520d60ee2142,"West Indies tour of Australia, 2024",2024-01-09,Feb 13,3,3,2,3,9
9ba62e2a-e9c5-4754-a464-bc5f89a40ffe,ICC Under 19 World Cup Warm up Matches 2024,2024-01-13,Jan 17,16,0,0,16,16
bcdc07ab-0e96-45f0-9547-f28d16222286,"Pakistan tour of New Zealand, 2024",2024-01-12,Jan 21,0,5,0,2,5
68a46159-d1b8-410c-a604-b62e0d44e43e,"England Lions tour of India, 2024",2024-01-12,Feb 04,0,0,4,2,4
0b9f3874-c50e-492e-899a-891ba323122f,"Afghanistan tour of India, 2024",2024-01-11,Jan 17,0,3,0,2,3
5f09d66b-284c-4a0e-994f-5a8d6c0212f0,"SA20, 2024",2024-01-10,Feb 10,0,34,0,6,34
6c6381bf-991c-4bc1-b840-321b62ce0da8,Zimbabwe tour of Sri Lanka 2024,2024-01-06,Jan 18,3,3,0,2,6
7f819b4b-9bc8-44d4-8722-c5808ad24a30,Ranji Trophy 2023-24,2024-01-05,Mar 14,0,0,137,38,137
0637eddc-ee0a-46c9-aca2-f5bb7f5ff25b,South Africa U19 Tri-Series 2023-24,2023-12-29,Jan 10,7,0,0,3,7
d6b271d7-80f2-444a-affe-baf961a4aef1,Afghanistan tour of United Arab Emirates 2023-24,2023-12-29,Jan 02,0,3,0,2,3
00c21116-37f4-4b9c-9a96-a55330463208,Singapore Women tour of Philippines 2023,2023-12-27,Dec 29,0,3,0,2,3
1d01a171-5fca-4f1c-8e59-9b39ecf1ce06,Philippines tour of Indonesia T20I Series 2023,2023-12-22,Dec 26,0,6,0,2,6
4fbc5813-8796-4952-a967-a5ade5333e40,"Australia Women tour of India, 2023-24",2023-12-21,Jan 09,3,3,1,2,7
08283f22-3d19-48dd-bcc5-4a499c571c4a,American Premier League 2023,2023-12-19,Dec 31,0,24,0,6,24
a86f9506-c51c-4aeb-8274-b2a8103d8e1c,Super Smash 2023-24,2023-12-18,Jan 28,0,32,0,6,32
66e6e451-1189-476e-addd-0add0d824c14,"Bangladesh tour of New Zealand, 2023",2023-12-16,Dec 31,3,3,0,2,6
f4a53baf-2280-4905-a3e1-43c85b2b3625,"Pakistan tour of Australia, 2023-24",2023-12-05,Jan 07,0,0,3,3,4
81f009c0-3ad7-408d-86ec-8ab848349ca8,"India A tour of South Africa, 2023-24",2023-12-11,Dec 29,0,0,3,2,3
b9ac50d1-4c29-411a-b824-83640cf54f29,Africa Cricket Association Cup 2023,2023-12-11,Dec 19,0,16,0,8,16
187e9488-8f6c-4527-923d-962a4f47cff0,"India tour of South Africa, 2023-24",2023-12-10,Jan 07,3,3,2,2,8
5a28d054-fd19-404a-a1cc-887c18c48d0b,ICC Womens T20 World Cup Africa Region Qualifier 2023,2023-12-09,Dec 17,0,16,0,8,16
692b2fdc-572a-4439-abe6-9456eb7a3455,"ACC U19 Asia Cup, 2023",2023-12-08,Dec 17,15,0,0,8,15
725a99ae-93a5-48ea-99a7-9ad10b860481,Big Bash League 2023-24,2023-12-07,Jan 24,0,44,0,8,44
cd983dd8-54cd-4a73-9ac9-1eb0f13936c4,"Ireland tour of Zimbabwe, 2023",2023-12-07,Dec 17,3,3,0,2,6
81a95caf-6f0b-4f79-a2ca-e1edb96bed70,"England Women tour of India, 2023",2023-12-06,Dec 17,0,3,1,2,4
91aea534-4f45-452f-980b-7d3f51469586,East-West Africa Cup Qualifiers 2023,2023-12-06,Dec 10,0,9,0,7,9
d7e37a17-aa0d-4a21-917c-e2813392b3e4,"England tour of West Indies, 2023",2023-12-03,Dec 22,3,5,0,2,8
1459d071-a610-4dcb-9a4d-a0774467ef54,"Bangladesh Women tour of South Africa, 2023",2023-12-03,Dec 23,3,3,0,2,6
fb9dbf1c-4b86-4262-ba8a-4ad69f81edec,"Pakistan Womens tour of New Zealand, 2023",2023-12-03,Dec 18,3,3,0,2,6
c44453dd-704b-4c8c-906b-9efa57c0be93,T10 League 2023,2023-11-28,Dec 09,0,32,0,8,32
401767b9-6cec-4a03-8776-2c2de85754ab,The Ford Trophy 2023-24,2023-11-24,Feb 24,32,0,0,6,32
41ee3f4c-f9e2-4f97-a45f-fda6be281a64,"Australia tour of India, 2023",2023-11-23,Dec 03,0,5,0,2,5
148118de-5b93-495d-820e-c82f06c841e9,Vijay Hazare Trophy 2023,2023-11-23,Dec 16,135,0,0,38,135
f0cd2c9c-baab-4fe7-a581-3abf65d13655,ICC Mens T20 World Cup Africa Region Qualifier 2023,2023-11-22,Nov 30,0,21,0,7,21
efd7f069-0a8e-4fd0-9fd0-323e9467c457,West Indies A tour of South Africa 2023,2023-11-21,Dec 08,0,0,3,2,3
6d1ef22a-fcbc-425f-87db-6639bd3b835f,Cambodia tour of Indonesia 2023,2023-11-20,Nov 23,0,6,0,2,7
e5dd68f3-4adc-4802-a3ff-64caee0a2bb5,Legends League Cricket 2023,2023-11-18,Dec 09,0,19,0,6,19
4b0e11e5-a455-4f6f-93a4-41799439e36c,Womens T20I Quadrangular Series in Hong Kong 2023,2023-11-15,Nov 19,0,8,0,4,8
7227016a-1984-4da3-907f-43d2b84ff65d,Quadrangular U19 Series in India 2023,2023-11-13,Nov 27,5,0,0,4,14
2e6e5d05-ca97-4f92-9f7e-16f6e45d3438,CSA Four-Day Series Division One 2023-24,2023-11-04,Mar 03,0,0,29,8,30
a494636e-9537-4ed9-9e8d-43708b202f81,ICC Mens T20I World Cup Asia Finals 2023,2023-10-30,Nov 05,0,15,0,8,15
e3bd2125-82e2-4841-a097-c681d46c7a60,CSA Four-Day Series Division Two 2023-24,2023-10-26,Feb 24,0,0,8,7,22
a5c063db-2fbc-4601-a76a-dcc5934b1d35,"Pakistan Womens tour of Bangladesh, 2023",2023-10-25,Nov 10,3,3,0,2,6
5b584684-9727-4978-9e9c-2f048c4218b8,Zimbabwe tour of Namibia 2023,2023-10-24,Oct 30,0,5,0,2,5
dd1f74a6-62d1-497f-b59c-7ea82f9fd7f7,Womens Big Bash League 2023,2023-10-19,Dec 02,0,57,0,8,59
4ae7759c-56a0-4a38-9dcd-20147d42c344,Plunket Shield 2023-24,2023-10-19,Mar 27,0,0,24,6,24
cbb23c96-8f48-4121-83a3-19b09b348c86,Nepal T20I Tri-Series 2023,2023-10-18,Oct 27,0,7,0,3,7
7d88f87d-7b78-46f1-8433-5a2ea19359b6,Ireland Women v Scotland Women in Spain 2023,2023-10-17,Oct 24,3,2,0,2,5
9cf8458f-f7ac-4f6e-91f5-85d33e31abaa,Syed Mushtaq Ali Trophy 2023,2023-10-16,Nov 06,0,135,0,38,135
912461de-7754-44d7-939f-867d36c69828,Luxembourg tour of Gibraltar 2023,2023-10-15,Oct 15,0,2,0,2,2
1e29f741-e2ff-4370-baef-887953dc474e,"Chile Women tour of Argentina, 2023",2023-10-13,Oct 15,0,1,0,2,3
bd830e89-3420-4df5-854d-82cfab3e1e04,ICC Cricket World Cup 2023,2023-10-05,Nov 19,48,0,0,10,48
a97036e0-5e43-4ba7-aac0-12226678131f,Serbia tour of Gibraltar 2023,2023-10-05,Oct 05,0,2,0,2,2
0f223098-3354-45ff-bbbf-550bba021908,West Africa Trophy 2023,2023-10-04,Oct 15,0,9,0,4,21
c9bd6244-b0de-4678-9254-9b70c90d55ff,Sheffield Shield 2023-24,2023-10-03,Mar 25,0,0,31,6,31
ff0dd9dc-f9ce-4b7d-9b6c-7f2ec214033e,Irani Cup 2023,2023-10-01,Oct 05,0,0,1,2,1
0f4fd89b-ac2f-4cff-87d1-1c577b9e5f59,"West Indies Women tour of Australia, 2023",2023-10-01,Oct 15,3,3,0,5,6
723080c3-8c60-4349-a3aa-7291289711e1,ICC Mens T20 World Cup Americas Region Final 2023,2023-09-30,Oct 07,0,12,0,4,12
8f73d175-0ed0-475a-acfb-3386eacc66fd,Estonia tour of Gibraltar 2023,2023-09-30,Sep 30,0,2,0,2,2
24c36b5a-0ae1-40cf-8cf5-dd0b9d1be6bd,ICC Cricket World Cup Warm-up Matches 2023,2023-09-29,Oct 03,10,0,0,10,10
38e94ec2-92b6-4e3f-8a16-961128f9aa17,ICC Mens T20 World Cup Sub Regional Asia Qualifier A 2023,2023-09-28,Oct 05,0,12,0,4,12
b35bd96c-2d09-4f9e-91cf-7eab106541d9,Asian Games Mens T20I 2023,2023-09-27,Oct 07,0,17,0,14,17
327dfd96-a8c1-40b1-b76e-3eda469535db,Namibia Women tour of United Arab Emirates 2023,2023-09-26,Oct 03,0,6,0,2,6
e300cf05-07cd-4407-9887-8560fc9e72ed,Australia Domestic One-Day Cup 2023-24,2023-09-24,Feb 25,22,0,0,6,22
fee0589e-fb18-4350-9ee7-621e47d703d1,"New Zealand Women tour of South Africa, 2023",2023-09-24,Oct 15,3,5,0,2,8
3995dc32-6040-425a-822b-e86e026c2231,Road Safety World Series T20 2023 (Postponed),2023-09-23,Oct 01,0,0,0,0,6
8d55c6e3-7d56-4344-a96f-784e70a6fdce,"Australia tour of India, 2023",2023-09-22,Dec 03,3,0,0,2,3
6b67a726-2600-4c66-8b32-04042c0ccb4f,"New Zealand tour of Bangladesh, 2023",2023-09-21,Dec 10,3,0,2,2,6
53d2aa5c-8ece-43a5-a779-e571a26c55c4,"Ireland tour of England ODI Series, 2023",2023-09-20,Sep 26,3,0,0,2,3
c3a2d4b1-8429-450d-a871-adf6b0b9a4eb,"Asian Games Womens T20I, 2023",2023-09-19,Sep 25,0,11,0,9,11
59369a13-1229-43f9-b40e-42f4c5879229,Malaysia T20I Tri-Series 2023,2023-09-19,Sep 24,0,6,0,3,7
10fe8fdf-3890-46e7-8984-6a105341619b,CSA Provincial One-Day Challenge Division One 2023,2023-09-16,Oct 28,29,0,0,8,29
0eea1b29-e921-4b00-8bdb-4b4621cc6c76,CSA Provincial One-Day Challenge Division Two 2023,2023-09-16,Oct 20,29,0,0,8,29
0aa1a604-07a7-42ff-9e45-186aa82f472a,Gulf Cricket T20I Championship 2023,2023-09-15,Sep 23,0,16,0,6,16
e7643096-ea15-4cbe-a0d4-17236af09f31,Hong Kong Women tour of Malaysia 2023,2023-09-12,Sep 15,0,3,0,2,3
b08f7abf-e95c-4b44-b092-edf4529534c2,ICC Womens T20 World Cup Europe Region Qualifier 2023,2023-09-06,Sep 12,0,4,0,4,12
1a906efc-d313-4735-af2f-7687a25dd97d,ICC Womens T20 World Cup Americas Qualifier 2023,2023-09-04,Sep 12,0,12,0,4,12
5a58dadd-4802-4761-a7fa-61ee6aafdf8e,Womens T20I Quadrangular Series in Greece 2023,2023-09-04,Sep 09,0,0,0,4,10
470b23ea-3810-49ff-9d3c-467f434a6bbf,"Sri Lanka Women tour of England, 2023",2023-09-02,Sep 14,3,3,0,2,6
57186de3-2089-4f52-adbf-286a17186d56,ICC Womens T20 World Cup Africa Division 2 Qualifier 2023,2023-09-02,Sep 08,0,0,0,8,16
d057b617-ffcb-4abd-a84c-c111d5c0faaa,ICC Womens T20 World Cup East Asia Pacific Region Qualifier 2023,2023-09-01,Sep 08,0,0,0,7,21
65937f1e-1c09-4bb1-af9f-41fa883e09e5,"South Africa Women tour of Pakistan, 2023",2023-09-01,Sep 14,3,3,0,2,6
1f5f11eb-c66b-4707-bf05-f449e37c40ef,ICC Womens T20 World Cup Asia Qualifier 2023,2023-08-31,Sep 08,0,28,0,11,28
87b07e49-caa0-455e-8fbb-94fd5bd8bbd3,Womens Caribbean Premier League 2023,2023-08-31,Sep 11,0,7,0,3,7
e7fc5404-3053-4026-97bc-b2d24649d2bd,"New Zealand tour of England, 2023",2023-08-25,Sep 15,4,4,0,8,10
e9b198b6-8cd3-4b15-85a7-4ffd28f99609,"Asia Cup, 2023",2023-08-30,Sep 17,13,0,0,6,13
e8a55484-d955-4bc9-9349-2a580bbc9b7c,"Australia tour of South Africa, 2023",2023-08-30,Sep 17,5,3,0,2,8
aa86235a-97e3-4453-bd41-2d51a633f08d,Japan Women tour of Vanuatu 2023,2023-08-28,Aug 30,0,2,0,2,2
1a4d1452-1b66-4a9d-89dc-f40320579e47,"Guernsey Women tour of Austria, 2023",2023-08-27,Aug 28,0,4,0,2,4
fe93abc4-1f75-4f61-b227-bf5330dd4f1f,Rajasthan Premier League 2023,2023-08-27,Sep 10,0,19,0,6,19
f717e6ac-5fcb-4417-8bff-2d2f8bc6a079,"New Zealand A tour of Australia, 2023",2023-08-27,Sep 15,3,0,2,2,5
6c7a633d-d211-4793-b5a0-2445983b969d,Nordic Women T20I Cup 2023,2023-08-25,Aug 27,0,7,0,4,7
8b4c74a7-d907-48e7-ac76-fa4d358a830a,Myanmar Women tour of Singapore 2023,2023-08-24,Aug 27,0,0,0,2,3
1e6cb913-e90c-4f10-9fdf-9c39fcd01e27,Jersey Women tour of Netherlands 2023,2023-08-24,Aug 25,0,3,0,2,3
640f10c4-7679-43e0-a3c3-91cbd6cda753,Indonesia Women T20I Tri-Series 2023,2023-08-24,Aug 27,0,7,0,0,7
1662a8c4-7929-424e-9995-667e0db358ba,Saurashtra Premier League 2023,2023-08-23,Aug 31,0,11,0,5,11
8fc1cbdd-2184-4ebe-be6d-7525b7930d72,"Afghanistan v Pakistan in Sri Lanka, 2023",2023-08-22,Aug 26,3,0,0,2,3
86374d82-919a-414b-ab30-4099f9e49a5d,Womens T20I Quadrangular Series in Malaysia 2023,2023-08-22,Aug 26,0,8,0,4,8
ab4eade5-4bfd-497a-b2ff-e2e672eb7626,East Africa Cup 2023,2023-08-20,Aug 31,0,10,0,3,18
14ac851d-18ad-4125-9095-f0935dfa6e7d,"India tour of Ireland, 2023",2023-08-18,Aug 23,0,3,0,2,3
6d75824a-b760-4628-a63c-7daa7f975a7a,Continental Cup 2023,2023-08-18,Aug 20,0,8,0,2,8
2cfdeb84-d20f-4db1-b0a0-7593272d9598,US Masters T10 League 2023,2023-08-18,Aug 27,0,28,0,7,29
8894de64-1495-425b-b8fd-1fe0d40ec8c2,"Kenya Women tour of Indonesia, 2023",2023-08-18,Aug 22,0,6,0,2,6
7502fafa-6f5a-4841-ba9a-0ef80dc5e5f6,"New Zealand tour of United Arab Emirates, 2023",2023-08-17,Aug 20,0,3,0,2,3
830af3da-5a0b-4b83-8d73-9800089be118,Caribbean Premier League 2023,2023-08-16,Sep 24,0,34,0,6,34
35f9aff5-d172-4e6a-b457-dc11a8599559,"Germany v Guernsey in Netherlands, 2023",2023-08-14,Aug 15,0,3,0,2,3
45809f27-e5d4-4952-9463-a61d2360d492,"Ireland Women tour of Netherlands, 2023",2023-08-14,Aug 17,0,3,0,2,3
9a2f9196-a26c-40c3-b9f6-663babd0c8a2,Maharaja Trophy KSCA T20 2023,2023-08-13,Aug 29,0,33,0,6,33
f0f08bd2-fef0-4126-af10-c1b94a82be37,Budapest Cup 2023,2023-08-04,Aug 06,0,3,0,2,3
9ab1bd36-bb11-4a2c-b4fe-a62f10c84577,Womens Continental Cup 2023,2023-08-04,Aug 06,0,8,0,4,8
034204b0-5379-4856-88bb-dbdcd94fda3a,The Hundred Womens Competition 2023,2023-08-01,Aug 27,0,0,0,8,34
78373c2a-5f35-4287-a155-a51e3f8572ff,The Hundred Mens Competition 2023,2023-08-01,Aug 27,0,0,0,8,34
7dd3e14f-a080-4e6a-918a-f2cde0d572fc,"Isle of Man Women in Austria, 2023",2023-07-30,Jul 31,0,3,0,2,3
4d9cfae4-e921-4b3e-89ff-368d5ec83a3a,Lanka Premier League 2023,2023-07-30,Aug 20,0,24,0,5,24
c009aa01-8ab9-48ce-ac13-9053f9b088d8,ICC Mens T20 World Cup Asia Qualifier B 2023,2023-07-26,Aug 01,0,10,0,5,10
92bf99e6-864e-4827-be90-a780124cbabf,Deodhar Trophy 2023,2023-07-24,Aug 03,16,0,0,6,16
b2d416f3-ac24-4865-8b59-a83afa0cb3a8,"Australia Women tour of Ireland, 2023",2023-07-23,Jul 28,3,0,0,2,3
36d2d372-3030-4180-92f4-6af9a1999d9e,Global T20 Canada 2023,2023-07-20,Aug 06,0,25,0,6,25
07d8dd38-ec7f-45e3-bc2d-016283c75e7d,Zim Afro T10 2023,2023-07-20,Jul 29,0,24,0,5,25
e1cc5bfd-6b9e-4ad2-8f91-a2ad09341c04,"Pakistan tour of Sri Lanka, 2023",2023-07-11,Jul 28,0,0,2,3,3
951e7413-7d28-4c91-8822-4a5135091aab,Major League Cricket 2023,2023-07-14,Jul 30,0,19,0,6,19
9f28aff0-f52d-49f5-89e4-270438d8f1db,ACC Mens Emerging Teams Asia Cup 2023,2023-07-13,Jul 23,15,0,0,8,15
7e6e13be-a46d-472f-b73c-f4360e320539,"India tour of West Indies, 2023",2023-07-12,Aug 13,3,5,2,2,10
e1a67d21-a516-4591-9079-871820e36ff3,Valletta Cup 2023,2023-07-12,Jul 16,0,13,0,5,13
3713d4d1-49a5-45dc-9ada-581f73a7f482,Mdina Cup 2023,2023-07-10,Jul 12,0,6,0,3,6
f5b23038-b640-4acf-ad3a-20d2fff1f0fd,Womens T20I Tri-Series in Netherlands 2023,2023-07-10,Jul 15,0,6,0,3,6
a28e026c-f285-4804-a466-ee671d4077ff,"Austria tour of Isle of Man, 2023",2023-07-09,Jul 10,0,3,0,2,3
54a6146a-1a9f-443b-979d-175ec3a0d5df,"India Women tour of Bangladesh, 2023",2023-07-09,Jul 22,3,3,0,2,6
7f453650-f678-4f18-9cef-bd2bd8d86a1d,Inter-Insular Mens T20I Series 2023,2023-07-07,Jul 08,0,3,0,2,3
e5f85dc8-e2dd-4f8c-b857-8af771dc00c7,"Uganda tour of Namibia, 2023",2023-07-05,Jul 13,0,4,0,2,6
55b5c846-e6a8-44c2-8f74-90f3bb3c917b,"Thailand Women tour of Netherlands, 2023",2023-07-03,Jul 07,3,0,0,2,3
52929a1b-de26-4ab5-adca-31745fda72d5,"Austria v Germany in Netherlands, 2023",2023-06-29,Jun 30,0,2,0,2,2
c65cd101-fa3a-4ead-8933-9e58a494812e,Duleep Trophy 2023,2023-06-28,Jul 16,0,0,5,6,5
54c98d97-de6c-4bac-893f-6ad6e41c9e75,"New Zealand Women tour of Sri Lanka, 2023",2023-06-27,Jul 12,3,3,0,2,6
7fd67528-c39d-405f-8897-9a33497d8aa2,"Ireland Women tour of West Indies, 2023",2023-06-26,Jul 09,3,3,0,2,6
59203eeb-4d83-44c5-a9bf-a006fcb3d130,Inter-Insular Womens T20I Series 2023,2023-06-24,Jun 25,0,3,0,2,3
c6d5611c-a49f-4e41-a4f5-8285f1d46ec6,"Switzerland tour of Luxembourg, 2023",2023-06-24,Jun 25,0,2,0,2,2
6ed46aa8-04a2-4daf-b5e8-adc540727138,Bulgaria Quadrangular Series 2023,2023-06-23,Jun 25,0,8,0,4,8
81b588f0-afb5-49a6-99e5-15ea1ac127a9,ICC Cricket World Cup Qualifiers 2023,2023-06-18,Jul 09,34,0,0,10,34
d87b656d-7db3-40c1-99d8-7958b5980ae6,"Argentina Women tour of Brazil, 2023",2023-06-17,Jun 19,0,2,0,2,5
844023ee-88db-4dd8-82e8-2082de47e5ca,ACC Womens Emerging Teams Asia Cup 2023,2023-06-15,Jun 21,0,15,0,8,11
7874ac06-7c31-497d-a6f3-149093e2d030,"Afghanistan tour of Bangladesh, 2023",2023-06-14,Jul 16,3,2,1,8,6
073f7fd0-7888-4c80-8976-4fdae3073038,ICC World Cup Qualifiers Warm-up matches 2023,2023-06-13,Jun 15,10,0,0,10,10
700d6740-82d3-4621-9c07-e274afc8b640,ACC Womens Emerging Teams Asia Cup 2023,2023-06-12,Jun 21,0,15,0,8,6
54e3f6e3-52c7-4723-9955-308cd74f05bb,Tamil Nadu Premier League 2023,2023-06-12,Jul 12,0,32,0,10,32
31494430-655e-4a9f-8c2c-e94b24608168,Kwibuka Womens T20I Tournament 2023,2023-06-10,Jun 17,0,22,0,5,23
b7bda439-31ab-4b19-8b4d-11c8450ce88e,Central Europe Cup 2023,2023-06-10,Jun 11,0,3,0,2,3
c9d237f3-3296-4ce0-9da2-c971eff462bb,Africa Continental Cup 2023,2023-06-09,Jun 21,0,19,0,4,19
69c3a8c8-218e-47ec-8cd0-01def4c41412,"Belgium tour of Germany, 2023",2023-06-09,Jun 11,0,4,0,2,4
bd6e5de5-10fd-4476-9806-ddff16bf834c,ICC World Test Championship Final 2023,2023-06-07,Jun 12,0,0,1,2,1
93a8c2fa-9923-4961-b592-b6462cbe326e,"West Indies tour of UAE, 2023",2023-06-05,Jun 09,3,0,0,2,3
4eeb97cf-9700-49a6-98f3-8854925befa0,"South Africa A tour of Sri Lanka, 2023",2023-06-04,Jun 22,3,0,2,2,5
d2d3482d-7e79-4ed1-9e2f-865b1d16e20c,"Karnataka tour of Namibia, 2023",2023-06-02,Jun 11,5,0,0,2,5
72131b7a-dc43-4bb4-a162-492ca470f8da,"Afghanistan tour of Sri Lanka, 2023",2023-06-02,Jun 07,3,0,0,2,3
e484511b-4751-40c2-9b18-4abcbb76d314,"Ireland tour of England Only Test, 2023",2023-05-26,Jun 04,0,0,1,3,2
46c445b8-c0c2-4300-8f2c-f630e5c13c7d,ICC Womens T20 World Cup Europe Division 2 Qualifier 2023,2023-05-29,Jun 02,0,15,0,6,15
1a586677-e33f-45f1-ac6f-f3ac4e789c74,"Nepal Women tour of Malaysia, 2023",2023-05-29,Jun 04,0,5,0,2,5
4c9ccb5c-adba-4025-9ced-5aae3d0da987,Southern Africa Cup 2023,2023-05-27,Jun 01,0,6,0,5,10
bb5fa1c4-1a69-4f73-887c-5850c853560d,Womens East Asia Cup 2023,2023-05-25,May 28,0,7,0,3,7
aced551a-994c-4b8c-bc0a-57331a305b0d,Nordic T20I Cup 2023,2023-05-18,May 21,0,10,0,4,10
688209da-87a3-4727-a0c4-1f83abaaa847,Pakistan A tour of Zimbabwe 2023,2023-05-17,May 27,6,0,0,2,6
c6d0c028-aecd-4f85-ab8c-f334e0cdfc68,"West Indies A tour of Bangladesh, 2023",2023-05-16,Jun 02,0,0,3,2,3
5bf9e811-8a06-446e-8b23-eb17dfb5c071,"Ireland v Bangladesh in England, 2023",2023-05-09,May 14,3,0,0,2,3
fa823939-ce06-4d25-80c9-5dbd406a4bb5,"France Women tour of Austria, 2023",2023-05-05,May 07,0,5,0,2,5
23a63970-9236-4b4a-8ad5-f4d4c99ff781,"Norway Women tour of Estonia, 2023",2023-05-04,Jul 23,0,3,0,0,7
ab9f3aaf-d64d-400a-b650-2f89f8ea240a,Gibraltar T20I Tri-Series 2023,2023-05-04,May 07,0,9,0,3,9
4e815aab-596e-4507-92ea-8bec93f9c2c1,SEA Games Mens Twenty20 Cricket Competition 2023,2023-05-01,May 11,0,8,0,6,8
c33c5f98-4d51-48f9-b4fb-15dfef4c1c83,SEA Games Womens Twenty20 Cricket Competition 2023,2023-05-01,May 15,0,0,0,7,10
41652839-7c31-4313-ac14-7c16970ed7ab,"Bangladesh Women tour of Sri Lanka, 2023",2023-04-29,May 12,3,3,0,2,7
0b8b51e9-7a20-4893-bb2f-0cbcb5c14436,Womens T20I Quadrangular Series in Namibia 2023,2023-04-24,May 02,0,0,0,4,15
86deded6-48ef-42cc-be1b-2d330eded9aa,Victoria Women T20I Series 2023,2023-04-22,Apr 23,0,11,0,4,3
d6abcd65-a948-4bb4-b3d8-732c0e947cdb,"Zimbabwe Women tour of Thailand, 2023",2023-04-19,Apr 29,3,4,0,2,8
e66882b1-0ec1-464c-bb29-d3d450317bf4,"Ireland tour of Sri Lanka, 2023",2023-04-16,Apr 28,0,0,2,4,5
8e82cede-58f3-4532-99d8-bc12ad4a4f01,ACC Mens Premier Cup 2023,2023-04-18,May 01,24,0,0,10,24
c43e038c-c9d0-447b-9f93-4ae1c3bd1abe,Victoria Women T20I Series 2023,2023-04-18,Apr 23,0,11,0,5,8
c059609d-19c0-4c11-9639-082a8db9f914,"New Zealand tour of Pakistan, 2023",2023-04-13,May 07,5,5,0,2,10
62138632-2e12-4032-b9ed-2730f2616251,"Gibraltar tour of Portugal, 2023",2023-04-10,Apr 11,0,3,0,2,3
86f3211a-3038-4bd3-97eb-d7ca68cef950,"Australia A tour of New Zealand, 2023",2023-03-31,Apr 11,0,0,2,2,2
02ac344b-3fe0-4f75-8e3f-855ec59d2db0,"Netherlands tour of South Africa, 2023",2023-03-28,Apr 02,2,0,0,3,3
c75f8952-74d4-416f-b7b4-7da4b4e3ae6e,Indian Premier League 2023,2023-03-31,May 28,0,74,0,11,75
d61374f6-b5aa-41d7-860b-b87c929f316b,Nigeria Invitational Womens T20I Series 2023,2023-03-27,Apr 02,0,1,0,5,11
419149a8-b0c6-4f3a-b72a-501336014869,ICC Cricket World Cup Qualifier Play-off 2023,2023-03-26,Apr 05,15,0,0,6,15
80eb012c-a172-4675-b70c-1659b3c7033e,"Afghanistan v Pakistan in UAE, 2023",2023-03-25,Mar 27,0,3,0,2,3
1540c838-7309-4ce9-979c-5bbe280021fb,"Netherlands tour of Zimbabwe, 2023",2023-03-21,Mar 25,3,0,0,2,3
800b83c7-0b55-47d2-bee2-3a03847414f7,"Ireland tour of Bangladesh, 2023",2023-03-15,Apr 08,3,3,1,8,8
4f229776-6b02-4f7b-abd5-0fc68bdac677,Legends League Cricket 2023,2023-03-10,Mar 20,0,8,0,3,8
4b99faf1-23d3-4376-b62a-80b6f316b140,Hong Kong Quadrangular Series 2023,2023-03-08,Mar 12,0,7,0,4,8
c00dbd54-38b1-4be6-ae07-5fa5e4d22440,"Sri Lanka tour New Zealand, 2023",2023-03-03,Apr 08,3,3,2,9,9
bcd3baa8-eea5-4682-a6fd-c8b3fbad70a2,Womens Premier League 2023,2023-03-04,Mar 26,0,22,0,5,22
76415032-6cac-4946-83c3-eaaa8c7ca56c,"England tour of Bangladesh, 2023",2023-03-01,Mar 14,3,3,0,4,6
3a0eca77-f1b6-4997-b624-818a4fbbbe69,Irani Cup 2022-23,2023-03-01,Mar 05,0,0,1,2,1
bcf9efa5-0d55-4b63-b583-aff617b05222,"West Indies tour of South Africa, 2023",2023-02-21,Mar 28,3,3,2,7,9
0991ac08-8633-427f-8eb4-d1adc035e8b5,ICC Mens T20 World Cup Americas Qualifier 2023,2023-02-25,Mar 04,0,15,0,6,15
688f3e0b-8054-472f-9ec1-c2f10be32fb6,"Isle of Man tour of Spain, 2023",2023-02-24,Feb 26,0,6,0,2,6
cebaa797-c95e-4269-b293-c5f15f048fca,"Bermuda tour of Argentina, 2023",2023-02-21,Feb 22,0,2,0,2,2
4f595b99-70eb-4113-9039-360e892f760a,"Afghanistan tour of United Arab Emirates, 2023",2023-02-16,Feb 19,0,3,0,2,3
08aec6c1-125f-40b9-8bdf-1891016a9008,"England tour of New Zealand, 2023",2023-02-08,Feb 28,0,0,2,3,3
45330bd2-1ffd-476f-95be-f4605a89713e,"Pakistan Super League, 2023",2023-02-13,Mar 19,0,34,0,6,34
f2f02a29-5800-4b95-8774-b170cdbfd308,ICC Womens T20 World Cup 2023,2023-02-10,Feb 26,0,23,0,10,23
8087933a-cd0b-4adc-b7b9-a00c1dc75eb2,"Australia tour of India, 2023",2023-02-09,Mar 22,3,0,4,4,7
8c9499d4-8897-42f6-b0d7-b137c7cad050,"Singapore Women tour of Cambodia, 2023",2023-02-08,Feb 12,0,5,0,0,5
56b8f209-0268-4c17-afe5-bb3c4c41c167,ICC Womens T20 World Cup Warm-up Matches 2023,2023-02-06,Feb 08,0,10,0,10,10
c5783d8f-4336-4679-9010-90b86d105938,"West Indies tour of Zimbabwe, 2023",2023-01-28,Feb 16,0,0,2,3,3
c3853c66-857a-427f-b3c4-33478cf89b41,"England Lions tour of Sri Lanka, 2023",2023-01-31,Feb 21,3,0,2,5,5
f0225e41-4ead-4a07-82be-711fd6ccd4e9,"England tour of South Africa, 2023",2023-01-27,Feb 01,3,0,0,2,3
a97e447c-48f1-47dd-9874-df01ee948dec,Womens T20I Tri-Series in South Africa 2023,2023-01-19,Feb 02,0,7,0,3,7
9d9e4ce5-9683-4d01-9891-c0940557c405,"New Zealand tour of India, 2023",2023-01-18,Feb 01,3,3,0,6,6
fc9f69cc-6b64-422b-9676-0dc9d5e26580,"Pakistan Women tour of Australia, 2023",2023-01-16,Jan 29,3,3,0,2,6
aff508e4-ff16-441c-8c3e-ac876cdb98bf,ICC Under 19 Womens T20 World Cup 2023,2023-01-14,Jan 29,0,41,0,16,41
a27bd920-9b07-4c46-8b67-aaf6b81b7f5e,"Ireland tour of Zimbabwe, 2023",2023-01-12,Jan 23,3,3,0,2,6
9ee27942-3859-4b48-bc0c-954694117f28,"SA20, 2023",2023-01-10,Feb 11,0,33,0,6,34
c05482f4-1ee5-41c5-b2f7-9b60eb270698,Bangladesh Premier League 2023,2023-01-06,Feb 16,0,46,0,7,46
e8528bc5-309b-4640-bcbd-3cb31941ff98,"Sri Lanka tour of India, 2023",2023-01-03,Jan 15,3,3,0,2,6
fba50f1a-0d29-44e7-af59-f0ebcb50ffb4,"New Zealand tour of Pakistan, 2022-23",2022-12-27,Jan 13,3,0,2,2,5
3be89e8f-6fbc-483c-b4bb-b73fde55733f,"India Women Under-19s tour of South Africa, 2022-23",2022-12-27,Jan 04,0,5,0,2,6
5f9c3c16-002e-485f-89f0-584ec832ae4f,Super Smash 2022-23,2022-12-23,Feb 11,0,32,0,6,32
1c9f4061-b9f4-4f31-88c4-d67f47509d60,"South Africa tour of Australia, 2022-23",2022-12-09,Jan 17,2,0,3,2,1
75e6a5a5-d889-490c-a408-6e744ed37b71,Womens Quadrangular Series in Kenya 2022,2022-12-17,Dec 21,0,14,0,4,8
dadf7cd4-efb4-4831-b8cd-614cb1f23e7b,"South Africa tour of Australia, 2022-23",2022-12-17,Jan 17,2,0,3,2,6
f525244a-84a3-4bac-bb66-efca723c2924,Malaysia Quadrangular Series 2022-23,2022-12-15,Dec 23,0,14,0,4,14
7763166a-9c3e-420b-9567-c495b52340c0,Ranji Trophy 2022-23,2022-12-13,Feb 20,0,0,138,38,139
43fb7c6c-7b26-4c0c-aac2-a0362f96f393,Big Bash League 2022-23,2022-12-13,Feb 04,0,61,0,8,61
709a352e-cb2e-4dd9-a392-6aef1eb69f6a,East Africa T20I Series 2022,2022-12-13,Dec 23,0,18,0,3,18
07ce8f08-13b5-4028-86e0-d82c74c8169a,Womens T20I Tri-Series in Kenya 2022,2022-12-13,Dec 21,0,7,0,4,6
37455adf-e34d-4d39-aee7-526675824d7f,"Australia Women tour of India, 2022",2022-12-09,Dec 20,0,5,0,2,5
7206be3f-c813-41fd-857a-eb97a654b84d,"India tour of Bangladesh, 2022",2022-12-04,Dec 26,3,0,2,2,5
35d35451-159f-4299-9a80-ab1562c05dc9,"England Women tour of West Indies, 2022",2022-12-04,Dec 23,3,5,0,2,8
3b37265f-c284-4ae1-97ba-a1e9562791f7,CSA Provincial One-Day Challenge Division Two 2022-23,2022-12-03,Dec 28,22,0,0,7,22
d93d6523-287f-4a2c-bb64-edd256a93748,"Bangladesh Women tour of New Zealand, 2022",2022-12-02,Dec 18,3,3,0,2,6
1fbd9a9f-3929-4e3f-b608-b102fe525390,CSA Provincial One-Day Challenge Division One 2022-23,2022-12-02,Dec 29,29,0,0,8,29
6dd9dbc3-2836-47b4-9b70-8c4e45c14359,"India A tour of Bangladesh, 2022",2022-11-29,Dec 09,0,0,2,2,2
45960313-9d8d-4a3c-b9a1-36e621579382,"Afghanistan tour of Sri Lanka, 2022",2022-11-25,Nov 30,3,0,0,2,3
a584f1da-5e48-43d6-ac5d-88c9613aa146,T10 League 2022,2022-11-23,Dec 04,0,33,0,8,33
117d0127-4802-4ca9-8f1e-5cfc2f60708b,The Ford Trophy 2022-23,2022-11-21,Feb 19,32,0,0,6,35
6f8477a9-3934-42bb-a799-9af4b5737b6c,Womens T20 Challenger Trophy 2022,2022-11-20,Nov 27,0,7,0,4,7
c7885db2-93d2-4d6d-a117-beed81375152,"Netherlands Women tour of Thailand, 2022",2022-11-20,Dec 03,4,4,0,2,8
9f39bdef-28d1-4d93-8dae-2032e5cd1b2e,"India tour of New Zealand, 2022",2022-11-18,Nov 30,3,3,0,4,6
979dc520-3341-4013-93b6-c8585fa2dffe,ICC Mens T20 World Cup Sub Regional Africa Qualifier A 2022,2022-11-17,Nov 25,0,28,0,8,28
2103eee4-874f-4f5a-b90b-6d08204681d1,ICC Mens T20 World Cup Sub Regional Africa Qualifier B 2022,2022-12-01,Dec 09,0,28,0,8,28
81d37cb1-423e-4b32-a420-f51dec2c3e53,"United Arab Emirates tour of Nepal, 2022",2022-11-14,Nov 18,3,0,0,2,3
501885b6-b303-4239-97ac-52f709f1d659,Desert Cup T20I Series 2022,2022-11-14,Nov 21,0,14,0,4,14
343a79d5-7f76-4dfb-8c5f-6767a6deaef0,Womens Pentangular Series in Spain 2022,2022-11-11,Nov 14,0,12,0,5,12
77419c3f-4f2e-41e2-b215-b6011ef73739,"Ireland Women tour of Pakistan, 2022",2022-11-06,Nov 16,3,3,0,4,6
f85226d3-147d-48bf-b034-57a045a4eed2,"Spain Triangular T20I Series, 2022-23",2022-11-04,Nov 06,0,6,0,3,6
eaca320e-f627-44db-ab4b-12c9b4f83e36,"Singapore Women tour of Indonesia, 2022",2022-11-04,Nov 09,0,6,0,2,6
f5186e86-297a-4b15-bdb0-79c34a35b3aa,"Rwanda tour of Tanzania, 2022",2022-10-31,Nov 06,0,5,0,2,5
b2b4c540-613b-4bbc-9e64-6d99e727dbcd,Womens East Asia Cup 2022,2022-10-27,Oct 30,0,4,0,2,4
5d591476-b27d-45f5-8f18-a73ab326664d,4-Day Franchise Series 2022-23,2022-10-20,Mar 15,0,0,21,15,53
58a2c451-c43a-4a7b-b2bc-f228727a4361,CSA T20 Challenge 2022-23,2022-10-17,Nov 05,0,31,0,8,31
a473e7ce-9a31-4122-b06c-4d4f96dc16db,ICC Mens T20 World Cup 2022,2022-10-16,Nov 13,0,45,0,16,45
010d0f3c-6643-4844-81b9-d0327691f7da,ICC Mens T20 World Cup East Asia Pacific Qualifier B 2022,2022-10-15,Oct 18,0,6,0,3,6
fbb00251-198c-4f8a-ac99-7e9fdbac02a3,Womens Big Bash League 2022,2022-10-13,Nov 20,0,56,0,8,59
8674de6c-02cf-4f68-acfd-8ec8a1d1f204,Syed Mushtaq Ali Trophy 2022,2022-10-11,Nov 05,0,136,0,38,136
a674bd48-adff-41bd-82cb-ff4ac882bb48,ICC Mens T20 World Cup Warm-up Matches 2022,2022-10-10,Oct 19,0,15,0,16,15
63d93780-10f3-4ff2-9fc9-a3e618317c10,T20 WC Warm-up Matches IND v WA X1 2022,2022-10-10,Oct 13,0,2,0,2,2
c8f4fa19-ca54-443b-b0db-f5111c8a286e,"England tour of Australia, 2022",2022-10-09,Nov 22,3,3,0,6,6
7dcdb290-74d0-41a7-b570-d78ccd552984,"Indonesia tour of Japan, 2022",2022-10-09,Oct 11,0,3,0,2,3
2877e13a-7384-46e0-8b34-9e75dfa1305d,New Zealand T20I Tri-Series 2022,2022-10-07,Oct 14,0,7,0,3,7
a4eab283-da31-4d4f-8e8b-acffa1662e08,"West Indies tour of Australia, 2022",2022-10-05,Oct 07,0,2,2,6,6
01a8ea1b-60d0-4aab-b4c4-883e55ccc4d5,Plunket Shield 2022-23,2022-10-17,Mar 24,0,0,24,6,25
1406464f-cdd1-4213-9e6f-217da470dcff,Sheffield Shield 2022-23,2022-10-03,Mar 27,0,0,31,6,31
dfc5ec52-a50c-4e82-bfa8-6b84600df35a,Womens T20 Pacific Cup 2022,2022-10-02,Oct 06,0,12,0,4,12
cee541d0-47f7-4df2-afb7-31d4758a7fbb,Irani Cup 2022,2022-10-01,Oct 05,0,0,1,2,1
248b7e77-14dc-49a3-8702-30fbc7fc1b8f,Womens Asia Cup T20 2022,2022-10-01,Oct 15,0,24,0,7,24
74d75189-9a3c-41de-a4d1-57ac9d0bb041,CSA Provincial T20 Cup 2022,2022-09-30,Oct 09,0,15,0,9,15
7c196849-1b14-40db-b6c7-13f60a6b7c40,"South Africa tour of India, 2022",2022-09-28,Oct 11,3,3,0,2,6
4c67b1e9-b05f-42a8-90e9-29f6d0b73e4c,"Bangladesh tour of United Arab Emirates, 2022",2022-09-25,Sep 27,0,2,0,2,2
0b21d30a-9959-42c0-9010-684c21d295a1,Australia Domestic One-Day Cup 2022-23,2022-09-23,Mar 08,22,0,0,6,22
d4712f5a-6360-4460-994a-f78c16340a13,"Australia tour of India, 2022",2022-09-20,Sep 25,0,3,0,2,3
0e32a14b-dcdd-4550-8eec-411a46192121,"England tour of Pakistan, 2022",2022-09-20,Oct 02,0,7,0,2,10
450f89dc-5caf-4741-8b02-a8df219bf571,ICC Womens T20 World Cup Qualifier 2022,2022-09-18,Sep 25,0,20,0,8,20
94a66681-38e9-4ae5-8516-b91e279a7b36,Legends League Cricket 2022,2022-09-16,Oct 05,0,16,0,6,16
1c53b8a2-2f88-413c-8883-161f088022bd,"New Zealand Women tour of West Indies, 2022",2022-09-16,Oct 06,1,0,0,2,9
7f526043-8d7c-4871-a54a-20f80e80c6aa,Africa Cricket Association Cup 2022,2022-09-15,Sep 22,0,12,0,8,15
e83e663a-94d1-4c9b-9e97-aaf09bc4c26c,Womens T20I Quadrangular Series in UAE 2022,2022-09-10,Sep 13,0,6,0,4,6
609a8eef-d782-44b3-b9f3-8a389c85cb90,"India Women tour of England, 2022",2022-09-10,Sep 24,3,3,0,2,6
aa322c91-59b8-4aa3-81ca-69eede967062,Road Safety World Series T20 2022,2022-09-10,Oct 01,0,24,0,8,24
03d79597-3f68-4fd5-8a70-f8f8c41872e4,ICC Mens T20 World Cup East Asia Pacific Qualifier A 2022,2022-09-08,Sep 15,0,12,0,4,12
1c044e74-8467-4482-a71c-18c4f0525057,Duleep Trophy 2022,2022-09-08,Sep 25,0,0,5,6,5
e71accc9-d837-43a6-935f-ffda66dcded7,"New Zealand tour of Australia, 2022",2022-09-06,Sep 11,3,0,0,2,3
b4045334-76bc-425c-94d6-e5425a6c183d,"Ireland Women tour of Scotland, 2022",2022-09-05,Sep 08,0,3,0,2,3
9dce2d40-6d94-475b-911b-9f5ba2f07901,"New Zealand A tour of India, 2022",2022-09-01,Sep 27,3,0,3,2,6
13ae56fb-f611-4bb4-91c8-d54c97e1b4e1,"Womens Caribbean Premier League, 2022",2022-08-31,Sep 04,0,4,0,3,4
bc6ec4bb-22e8-471d-87cb-7034a9cc9bab,"Zimbabwe tour of Australia, 2022",2022-08-27,Sep 03,3,0,0,2,3
de644e14-30f5-45f3-a773-0785380bdfd6,Asia Cup 2022,2022-08-27,Sep 11,0,13,0,6,13
5a7bbded-96ac-449d-916a-29cf5454744e,"Nepal tour of Kenya, 2022",2022-08-25,Aug 30,0,5,0,2,8
da0dee1f-9a0f-41ee-907f-24aff86c8635,"Ireland Women tour of Netherlands, 2022",2022-08-22,Aug 26,3,0,0,2,3
4d1a2932-9d3f-4a8c-a807-e40dce3cfe24,Asia Cup Qualifier 2022,2022-08-20,Aug 24,0,6,0,4,6
7f94191b-389e-4264-9f84-5a996c5925be,"India tour of Zimbabwe, 2022",2022-08-18,Aug 22,3,0,0,2,3
530a619b-37e3-4666-ba72-fe4f52572959,"Italy Women tour of Austria, 2022",2022-08-17,Aug 19,0,0,0,0,5
f9bd7903-7d56-4827-b875-4bd402a05674,"Pakistan tour of Netherlands, 2022",2022-08-16,Aug 21,3,0,0,2,3
932bbc99-ffc1-4020-b187-c298e6f4cd00,The Hundred Womens Competition 2022,2022-08-11,Sep 03,0,26,0,8,26
90ec516e-4a8a-48b5-9d49-bcdae90c9581,"Bahrain v Kuwait in Oman T20I Series, 2022",2022-08-11,Aug 17,0,5,0,2,5
0c1433ea-cd6d-48bc-a9a8-7574a15fffd9,"New Zealand tour of West Indies, 2022",2022-08-10,Aug 21,3,3,0,2,6
cef802bd-b0bb-4570-bba6-64467eaf5134,"Afghanistan tour of Ireland, 2022",2022-08-09,Aug 17,0,5,0,2,5
2083a2e5-9f93-471b-88c4-b510b161ca43,Maharaja Trophy KSCA T20 2022,2022-08-07,Aug 26,0,34,0,8,34
7b8a4cd9-b17e-4b70-bd2d-0fca103337fb,"New Zealand tour of Netherlands, 2022",2022-08-04,Apr 06,0,2,0,2,2
79a1276e-36d3-4ec0-a12b-ead3beecebdc,"South Africa v Ireland in England, 2022",2022-08-03,Aug 05,0,2,0,2,2
ead2508e-a8cf-4e72-a6d8-d2728991a7b1,The Hundred Mens Competition 2022,2022-08-03,Sep 03,0,34,0,8,34
76468851-30c7-443c-b000-34d15504f2fc,Royal London One-Day Cup 2022,2022-08-02,Sep 17,77,0,0,18,77
a85273ff-befa-4a9c-9273-374b50188df7,Lanka Premier League 2022 (Postponed),2022-08-01,Aug 21,0,20,0,5,20
56227d4f-de98-4a7a-a716-12066ac48033,England Domestic One-Day Cup 2023,2023-08-01,Sep 16,0,0,0,18,77
075fda0d-b8ff-4ac8-be46-76cb58179d74,Lanka Premier League 2022,2022-12-06,Dec 23,0,24,0,6,24
97aa5039-66de-4758-b357-9c187a6f78e5,"Bangladesh tour of Zimbabwe, 2022",2022-07-30,Aug 10,0,1,0,2,6
aec3b6d1-a754-49ae-bdcc-8af25494d2fc,Commonwealth Games Womens Cricket Competition 2022,2022-07-29,Aug 07,0,16,0,8,16
9151d03d-e039-4360-895f-af7ff254565e,"New Zealand tour of Scotland, 2022",2022-07-27,Jul 31,1,2,0,2,3
1f42281c-6e8c-40bc-ae84-7a3f6872b6d0,"India tour of West Indies, 2022",2022-07-22,Aug 07,3,5,0,2,8
a6e31dc8-8cae-4fb1-854f-d3a94cdc301d,"South Africa tour of England, 2022",2022-07-19,Sep 12,3,3,3,3,12
0d8492b4-003d-4b06-8b40-752cec7c8441,"Womens T20I Tri-Series in Ireland, 2022",2022-07-16,Jul 24,0,6,0,3,6
a4d4e28c-eb51-4d4b-9b5d-1f69bd6dfe66,ICC Mens T20 World Cup Europe Qualifier Group A 2022,2022-07-12,Jul 19,0,24,0,10,24
9ddc7495-f650-4526-b1ed-f5e7ee149bed,"Pakistan tour of Sri Lanka, 2022",2022-07-11,Jul 28,0,0,3,3,3
8a9a3161-ae01-4c2e-964a-2c41ef3c2bd6,ICC Mens T20 World Cup Qualifier B 2022,2022-07-11,Jul 17,0,20,0,8,20
938431e3-166b-499d-93b8-cde0e21945da,"New Zealand tour of Ireland, 2022",2022-07-10,Jul 22,3,3,0,2,6
10bac239-7578-4aaf-b761-da7a6f97d3e3,"Malaysia Women tour of Singapore, 2022",2022-07-08,Jul 10,0,3,0,2,3
2ec30ffc-6da1-4084-b09c-375a2db27a77,"Bulgaria tour of Serbia, 2022",2022-07-08,Jul 09,0,3,0,2,3
9995e22a-41ea-44e2-a980-0c1b2e37ac10,Central Europe Cup 2022,2022-07-08,Jul 10,0,6,0,3,6
1dce1152-f29d-4e3f-9e4a-ce308336596b,Malaysia Quadrangular Series 2022,2022-07-03,Jul 11,0,13,0,4,13
8be2c192-2031-482e-a5c2-b21780062f14,"Namibia Women tour of Germany, 2022",2022-07-02,Jul 03,0,3,0,2,3
52791264-c3e5-4ea7-b6f0-0794c3d30ac9,"Papua New Guinea tour of Singapore, 2022",2022-07-02,Jul 06,0,4,0,2,4
88650923-87d7-4cf4-9032-1b7b71f1027a,"India tour of England, 2022",2022-07-01,Jul 17,3,3,1,6,10
2610991c-eabf-4e34-842c-6b54584f9676,Namibia T20 Tri-Series 2022,2022-06-29,Jul 03,0,1,0,3,6
744b402e-03cd-42e5-9019-05324f1919c4,ICC Mens T20 World Cup Europe Qualifier Group C 2022,2022-06-29,Jul 04,0,20,0,8,16
68286fbd-0ee6-4618-a5ac-9b37f16362d9,ICC Mens T20 World Cup Europe Qualifier Group C 2022,2022-06-28,Jul 04,0,20,0,8,4
362ee7ce-5fb3-41fd-87f9-680999bf8993,"Nepal tour of Canada, 2022",2022-06-28,Jun 29,0,2,0,2,2
6b8df396-90cb-44ea-8ccd-06b115d0db8c,"Malaysia tour of Singapore, 2022",2022-06-28,Jun 30,0,3,0,2,3
8b96f602-7ef8-4cf3-9150-859f2dd70727,"Namibia Women tour of Netherlands, 2022",2022-06-27,Jul 01,0,6,0,2,6
c1569f4a-a22e-41c7-aec4-1375a755236e,"South Africa Women tour of England, 2022",2022-06-27,Jul 25,3,3,1,2,7
bf98268d-af44-4258-8f0d-f894a84d7820,"India tour of Ireland, 2022",2022-06-26,Jun 28,0,2,0,2,2
29c2cf89-12c4-4419-9994-7e95e1ea6097,"Guernsey Women tour of Jersey, 2022",2022-06-25,Jun 26,0,3,0,2,3
04960f80-53bc-4092-8ffa-0724c90b3342,"Serbia tour of Bulgaria, 2022",2022-06-24,Jun 26,0,4,0,2,4
41bcbe72-ee4b-454c-90eb-fc68798e383a,Tamil Nadu Premier League 2022,2022-06-23,Jul 31,0,32,0,8,32
b290fb86-aae9-4284-9a52-854a8c4fe19c,"India Women tour of Sri Lanka, 2022",2022-06-23,Jul 07,0,2,0,2,6
5de96b2b-32f2-44ac-a2cc-4be41416ac7b,"Womens Ashes, 2023",2023-06-22,Jul 18,3,3,1,2,7
5a3a5afd-1f7f-43c9-9c0b-8d53e7dc34ac,"Estonia tour of Finland, 2022",2022-06-19,Jun 19,0,2,0,2,2
cd90f64b-e710-4409-ad0a-d60f2acdd9ac,"England tour of Netherlands, 2022",2022-06-17,Jun 22,3,0,0,2,3
3469adcc-44d8-409d-b684-bef95be6360b,ACC Womens T20 Championship 2022,2022-06-17,Jun 25,0,23,0,10,23
a943264f-7b01-49f1-9522-dda25aef1b5a,"Bangladesh tour of West Indies, 2022",2022-06-16,Jul 17,3,3,2,2,8
f37c06b8-c940-4ecf-974d-da3690d5cb66,"Afghanistan tour of Zimbabwe, 2022",2022-06-12,Jun 27,3,5,0,2,8
d8f77024-8b4d-4ac9-bf2d-6ffb8a44e0c8,"Malta tour of Belgium, 2022",2022-06-11,Jun 12,0,3,0,2,3
3b72587f-1c04-4a92-a836-6bff4132e3f3,"Switzerland tour of Luxembourg, 2022",2022-06-11,Jun 11,0,2,0,2,2
9c046ae5-d608-457a-a293-676bc2a9d456,"South Africa tour of India, 2022",2022-06-09,Jun 19,0,5,0,2,5
c96c22f7-ab5b-41e8-a1b5-2a5c6694e7cb,Germany T20I Tri-Series 2022,2022-06-09,Jun 12,0,7,0,3,7
48f379be-f178-473f-8788-373696c2ec2c,"Australia A tour of Sri Lanka, 2022",2022-06-08,Jun 24,2,0,2,2,4
a22e9ebf-72d4-4b77-9c76-e00c71dab992,"Australia tour of Sri Lanka, 2022",2022-06-07,Jul 12,5,3,2,2,10
ab75af2d-a92a-4371-99db-01649fa68e79,"Hungary tour of Austria, 2022",2022-06-04,Jun 05,0,3,0,2,3
d7aee5d0-4fb6-4ee2-aed1-711e89a1a5ec,"South Africa Women tour of Ireland, 2022",2022-06-03,Jun 17,3,3,0,2,6
32c5461f-74f6-4c68-92f4-ce304ab2c8c0,"New Zealand tour of England, 2022",2022-06-02,Jun 27,0,0,3,4,5
4cc554b1-5526-4f38-88f2-ed78c0ef2f52,"West Indies tour of Netherlands, 2022",2022-05-31,Jun 04,3,0,0,2,3
c39aa92c-2fd9-4676-be5a-84655daebac4,T20 Vitality Blast 2022,2022-05-25,Jul 16,0,15,0,18,133
2e4a95c4-a1a4-4ac7-8a98-f549a08ee3c5,"Sri Lanka Women tour of Pakistan, 2022",2022-05-24,Jun 05,3,3,0,2,6
85754fc3-d76e-4afc-9269-e4d49771d80f,Womens T20 Challenge 2022,2022-05-23,May 28,0,4,0,3,4
37fa8107-2df7-4779-81f6-d19969429dfe,T20 Blast 2023,2023-05-20,Jul 15,0,0,0,18,133
97117aa3-83f2-4979-bca6-16d57f5a8386,"Jersey tour of Guernsey, 2022",2022-05-20,May 21,0,3,0,2,3
532da814-cac2-44ca-a215-f82d1e938311,"Namibia tour of Zimbabwe, 2022",2022-05-17,May 24,0,3,0,2,5
17976dfb-1371-488c-b420-c7d2e2cd7d14,"Uganda Women tour of Nepal, 2022",2022-05-16,May 21,0,5,0,2,5
b5108aba-0694-42c4-b9eb-8f5eda5a41c7,"Sri Lanka tour of Bangladesh, 2022",2022-05-15,May 27,0,0,2,3,3
ce731721-f991-4749-94fe-70a5902fde4c,Valletta Cup 2022,2022-05-10,May 15,0,18,0,6,18
a7579c2d-e6b5-4a4a-af61-f002b1eccb32,"Finland tour of Denmark, 2022",2022-05-07,May 08,0,3,0,2,3
7e47dce6-f086-469d-81b0-54c04e56ca61,"Womens T20I Quadrangular Series in France, 2022",2022-05-05,May 08,0,8,0,2,8
9096c5a6-c024-4718-9a05-d720bd23eeeb,"Zimbabwe A tour of Nepal, 2022",2022-04-30,May 09,3,3,0,2,7
337e2e62-6970-4bad-86c2-d80cfa2f7678,"Spain Triangular T20I Series, 2022",2022-04-29,May 01,0,1,0,3,6
d7471618-ddbd-43ff-a16e-74e6a99f926f,"Hong Kong Women tour of UAE, 2022",2022-04-27,Apr 30,0,4,0,2,4
0e7ef9b9-a6c0-48c1-86ce-d15fbbbba258,"South Africa A tour of Zimbabwe, 2022",2022-04-25,May 10,3,5,0,2,8
a844f4d6-980d-4d90-ae49-450b221ef028,"Capricorn Womens Tri-Series, 2022",2022-04-20,Apr 26,0,10,0,3,10
90facf97-9f10-4876-9359-7c399384baf5,"Bahamas tour of Cayman Islands, 2022",2022-04-13,Apr 17,0,5,0,1,5
ebbdb90c-8a01-4d31-861e-24f88401b858,"Uganda tour of Namibia, 2022",2022-04-08,Apr 10,0,3,0,2,3
87df720a-ee24-4e40-9448-98f000fe6748,County Championship Division One 2022,2022-04-07,Sep 29,0,0,70,10,70
75e0571e-958f-474e-b772-5665980e3d86,County Championship Division Two 2022,2022-04-07,Sep 29,0,0,56,8,56
a02fe535-9179-4d64-970b-c00014482057,County Championship Division One 2023,2023-04-06,Sep 29,0,0,70,10,70
07e4c424-5e5a-48ec-abb2-b15c1ea9781f,County Championship Division Two 2023,2023-04-06,Sep 29,0,0,56,8,56
06cc043d-24a6-470b-99e7-537fbf417943,Nepal T20I Tri-Series 2022,2022-03-28,Apr 04,0,7,0,3,7
47b54677-34de-4378-9019-154e82b9cc1a,Indian Premier League 2022,2022-03-26,May 29,0,70,0,10,74
6c545879-5213-4f46-88b1-dd7589acad58,"Papua New Guinea tour of Nepal, 2022",2022-03-25,Mar 26,2,0,0,2,2
36f223f7-2ec9-46a0-9d19-f715aea35c4b,"Bangladesh tour of South Africa, 2022",2022-03-18,Apr 11,3,0,2,2,5
76156dcf-0dee-4a1b-a806-a7c7aea626b6,"Australia tour of New Zealand, 2022 (Cancelled)",Mar 17,Mar 20,0,0,0,0,0
63c49d39-2502-4549-83bf-8562b80639ec,"Netherlands tour of New Zealand, 2022",2022-03-16,Apr 04,3,3,0,3,7
018424f3-890f-4f4d-a9e0-c18f52004edd,CSA Provincial One-Day Challenge Division One 2022,2022-03-11,Apr 06,29,0,0,8,29
056effa0-92fe-40dc-9b10-5a7cb73aa78b,CSA Provincial One-Day Challenge Division Two 2022,2022-03-11,Apr 08,22,0,0,7,22
32d754de-e674-4db1-8a26-82d9591bca7c,ICC Womens World Cup 2022,2022-03-04,Apr 03,31,0,0,8,31
92eb0c07-afc4-4ca9-81e5-118706b42a1d,"Australia tour of Pakistan, 2022",2022-03-04,Apr 05,3,3,3,2,7
57548db1-1350-4c09-9f6f-6b15ea41dc3c,ICC Womens World Cup Warm up Matches 2022,2022-02-26,Mar 02,8,0,0,8,8
72b04949-3a5d-4e78-a4c3-c7bec8f9feed,"Sri Lanka tour of India, 2022",2022-02-24,Mar 16,0,3,2,2,5
ca1c36e0-d2e9-4f47-806f-f00bebb836de,"Afghanistan tour of Bangladesh, 2022",2022-02-23,Mar 05,3,3,0,6,5
069215c9-f279-4c85-bf8f-bd560c8faac9,Vijay Hazare Trophy 2022,2022-11-12,Dec 02,136,0,0,38,136
0bb922ce-2901-46f0-9959-80f6575ce5aa,ICC Mens T20 World Cup Qualifier A 2022,2022-02-18,Feb 24,0,20,0,8,20
bbb735f3-3e48-453c-92b9-38a340cdfd57,Ranji Trophy 2021-22,2022-02-17,Jun 26,0,0,58,38,65
a44a8694-c94e-4555-8416-85f701f39f59,"South Africa tour of New Zealand, 2022",2022-02-16,Mar 01,0,0,2,2,2
b45bad44-4e70-430a-b470-78169dcace54,"Sri Lanka tour of Australia, 2022",2022-02-11,Feb 20,0,5,0,2,5
83dccdf7-dac0-4281-bf0f-4fe6e37d427d,"India Women tour of New Zealand, 2022",2022-02-09,Feb 24,5,5,0,4,6
16734c8c-01a3-475a-bb08-d5fb1b380f53,CSA T20 Challenge 2022,2022-02-07,Feb 27,0,31,0,8,31
e9788cf4-f231-442e-921d-98cd1469e2dd,"West Indies tour of India, 2022",2022-02-06,Feb 20,3,3,0,6,6
565c2b48-a25b-49f7-baaa-9044b1bb2ac1,"Pakistan Super League, 2022",2022-01-27,Feb 27,0,34,0,6,34
7fa845ee-5088-48ac-9d2c-f7349127e8f0,"England tour of West Indies, 2022",2022-01-22,Mar 28,0,5,3,10,9
97701913-6b35-408c-8d92-7949c067bca6,"International League T20, 2023",2023-01-13,Feb 12,0,0,0,6,34
ca5a2977-f145-484d-9090-5b51090b0408,"West Indies tour of Pakistan, 2021-22",2021-12-13,Jun 12,3,3,0,2,6
8ffd9c15-b613-4896-9d88-827c53300e11,The Ford Trophy 2021-22,2021-11-29,Feb 26,30,0,0,6,30
a68d6bf9-366f-45f3-bc4d-26a93a654385,4-Day Franchise Series 2021-22,2021-10-29,Mar 07,0,0,55,15,55
b350a08e-a8a3-435b-8e34-763606eb9cf6,Plunket Shield 2021-22,2021-10-22,Apr 15,0,0,24,6,24
cff9739b-7601-4ab8-9beb-4a368efc35a5,Sheffield Shield 2021-22,2021-09-24,Apr 04,0,0,26,6,26
ff5aa3f3-7164-4766-be90-3b64783257a0,Australia Domestic One-Day Cup 2021-22,2021-09-22,Mar 11,19,0,0,6,19
638e7c98-fe04-4c84-946e-699f0abdc00c,ICC Cricket World Cup League Two 2019-23,2019-08-14,Sep 21,97,0,0,7,129
fe257ca5-d751-4969-9774-17d3c7801773,"The Ashes, 2023",2023-06-16,Jul 31,0,0,5,2,5
34b1655e-42ba-45e4-8358-948658dc9d11,"Norway Women tour of Sweden, 2021",2011-08-29,Aug 29,0,1,0,0,1
69d354ae-5243-43d1-aeb3-37561527e7cb,"India Women tour of South Africa, 2001-02",2002-03-07,Mar 22,4,0,1,2,1
a7cc9052-7f04-41b4-85d6-8cc0589c9b3f,ICC Mens T20 World Cup Europe Qualifier Group B 2022,2022-07-24,Jul 31,0,24,0,10,24
b5f82230-ead7-4905-b22d-6e68bc9f9104,Caribbean Premier League 2022,2022-08-31,Sep 30,0,34,0,6,34
db0e5ef9-295a-4f87-8013-f653dc3c3f26,"Mongolia Women tour of Indonesia, 2024",Apr 21,Apr 24,0,6,0,0,0
b02237b2-82fc-466e-8546-ed7bb22fe985,"Womens Asia Cup T20, 2024",Jul 19,Jul 28,0,0,0,0,0
9965055f-a41c-47b3-a6dd-d7028527889f,"Malaysia T20I Tri Nations Cup, 2024",Aug 21,Aug 27,0,7,0,0,0
77bae08a-eccc-4333-be05-d003161e6d68,"ICC Mens T20 World Cup Europe Qualifier A, 2024",Jun 09,Jun 16,0,24,0,0,0
186aca53-08f0-4e7c-baa7-c53bd22a1d6e,"Womens Asia Cup T20, 2024",Jul 19,Jul 28,0,0,0,0,0
d52a9dcd-9e1f-4039-8108-a51b5e18b18d,Singapore Women tour of Philippines 2023,Dec 27,Dec 29,0,3,0,0,0
0087cf6f-0716-472d-8f8d-95f2734b7489,The Hundered Women Competition 2024,Jul 23,Aug 18,0,0,0,0,0
63d64be3-fec9-4f08-a974-60de127b6cd4,Philippines tour of Indonesia T20I Series 2023,Dec 22,Dec 26,0,6,0,0,0
604b7771-1437-48d4-8de8-5fc1a407629f,"Zimbabwe tour of England, 2025",May 28,May 31,0,0,1,0,0
70007d30-cbf0-4016-83da-59408f103961,ICC Mens T20 World Cup East Asia Pacific Qualifier 2023,Jul 22,Jul 29,0,12,0,4,0
820ee7ac-07f0-4f9a-b2ea-50ba5501329c,Vijay Hazare Trophy 2024-25,Dec 21,Jan 18,0,0,0,0,0
b9084b53-223e-494d-8e91-4b0b6ed32c7e,US T10 2023,Aug 18,Aug 27,0,0,0,0,0
dc808253-9515-46d0-85d2-4996397728bd,"Sri Lanka Under 19 tour of England, 2024",Jun 28,Jul 03,3,0,0,0,0
dc46b9b9-3bdd-4e3b-b548-4992cc24e9c1,Womens Quadrangular Series in Malaysia 2023,Aug 22,Aug 26,0,0,0,0,0
8adcd188-5d60-43f7-9479-445173c2f7be,ICC Womens T20 World Cup Africa Region Qualifier 2023,Dec 09,Dec 17,0,0,0,0,0
3992d9f6-8830-43d7-9f15-4357eb1fa12d,"New Zealand Women tour of Australia, 2024",Sep 19,Sep 24,0,0,0,0,0
f760d18a-2d37-4303-b354-409358abf98b,"Ireland tour of Zimbabwe, 2023",Dec 07,Dec 17,3,3,0,0,0
7fdfe706-37d7-4d77-8240-3b3e3bac7223,"ICC Womens T20 World Cup Warm-up Matches, 2024",Sep 27,Oct 01,0,0,0,0,0
974264d5-a998-428a-8fba-34614ec51e7b,ICC Mens T20 World Cup Europe Qualifier 2023,Jul 20,Jul 28,0,21,0,0,0
55da7eec-4d2e-45f6-82d8-2f7e9ab1c133,Womens European Championship 1989,Jul 19,Jul 21,6,0,0,0,0
69bdc261-a1ae-4d0a-90a0-2aaa92a461e5,"Kenya Women tour of Indonesia, 2023",Aug 18,Aug 22,0,0,0,0,0
5bf95c0f-7bfd-4824-a476-266b870eff6b,"Isle of Man Women in Austria, 2023",Jul 30,Jul 31,0,3,0,2,0
bd0aed35-08c1-4584-8322-211484cb750b,Road Safety World Series T20 2023 (Postponed),Sep 23,Oct 01,0,0,0,0,0
6b066ea8-23a7-439f-9b3a-10c79d744e61,"Asian Legends League, 2024 (Postponed)",Mar 16,Mar 16,0,0,0,0,0
c5e9e933-2470-4f96-be8c-03d604d42ee3,"England womens tour of New Zealand,2024",Mar 10,Apr 07,0,0,0,0,0
