series_id,series_name,matches,match_id,match_name,match_type,team1,team2,win_team,win_how,venue,date
b0e5bc9a-d3af-4b88-a253-e64f4239ca58,"Bangladesh tour of Pakistan, 2024",2,f0148c2a-9d38-406f-a536-5f664e2ab2ff,"Pakistan vs Bangladesh, 1st Test",test,Pakistan,Bangladesh,Bangladesh,"10 wickets","Rawalpindi Cricket Stadium, Rawalpindi",2024-08-21
b0e5bc9a-d3af-4b88-a253-e64f4239ca58,"Bangladesh tour of Pakistan, 2024",2,cc4b5b48-6801-4dc9-a9fe-0fbecdc83246,"Pakistan vs Bangladesh, 2nd Test",test,Pakistan,Bangladesh,Bangladesh,"6 wickets","Rawalpindi Cricket Stadium, Rawalpindi",2024-08-30
85cc5960-17cf-423c-8b1c-24c12525b1ef,"Pakistan tour of England, 2024",4,a9bfee94-85f4-4263-b61b-88fea2c62343,"England vs Pakistan, 1st T20I",t20,England,Pakistan,NULL,NULL,"Headingley, Leeds",2024-05-22
85cc5960-17cf-423c-8b1c-24c12525b1ef,"Pakistan tour of England, 2024",4,73491cdd-77cb-417a-83a4-96255adbc83f,"England vs Pakistan, 2nd T20I",t20,England,Pakistan,England,"23 runs","Edgbaston, Birmingham",2024-05-25
85cc5960-17cf-423c-8b1c-24c12525b1ef,"Pakistan tour of England, 2024",4,3e41bc59-5e38-440d-b66d-829aed205d01,"England vs Pakistan, 3rd T20I",t20,England,Pakistan,NULL,NULL,"Sophia Gardens, Cardiff",2024-05-28
85cc5960-17cf-423c-8b1c-24c12525b1ef,"Pakistan tour of England, 2024",4,9548c519-1086-47f2-92e2-673812bc45d0,"England vs Pakistan, 4th T20I",t20,England,Pakistan,England,"7 wickets","Kennington Oval, London",2024-05-30
b0b3a2f7-5d9b-4fb8-ac73-915d75e51891,"Bangladesh tour of USA, 2024",3,40f4f31e-e93c-4a27-b168-750d582cb6b5,"United States vs Bangladesh, 1st T20I",t20,"United States",Bangladesh,"United States","5 wickets","Prairie View Cricket Complex, Houston",2024-05-21
b0b3a2f7-5d9b-4fb8-ac73-915d75e51891,"Bangladesh tour of USA, 2024",3,66ec6143-ba48-41f5-828d-51c576e89579,"United States vs Bangladesh, 2nd T20I",t20,"United States",Bangladesh,"United States","6 runs","Prairie View Cricket Complex, Houston",2024-05-23
b0b3a2f7-5d9b-4fb8-ac73-915d75e51891,"Bangladesh tour of USA, 2024",3,4fb65b4c-3481-4a5b-af3f-60ea374d2830,"United States vs Bangladesh, 3rd T20I",t20,"United States",Bangladesh,Bangladesh,"10 wickets","Prairie View Cricket Complex, Houston",2024-05-25
a9c431f5-60ef-426e-8cea-d06d8483efee,"Pakistan tour of Ireland, 2024",3,1fa030cb-57a6-45f2-9725-5be788e7746d,"Ireland vs Pakistan, 1st T20I",t20,Ireland,Pakistan,Ireland,"5 wickets","Clontarf Cricket Club Ground, Dublin",2024-05-10
a9c431f5-60ef-426e-8cea-d06d8483efee,"Pakistan tour of Ireland, 2024",3,64e6e4a6-fc8f-4fde-b986-eed47881b394,"Ireland vs Pakistan, 2nd T20I",t20,Ireland,Pakistan,Pakistan,"7 wickets","Clontarf Cricket Club Ground, Dublin",2024-05-12
a9c431f5-60ef-426e-8cea-d06d8483efee,"Pakistan tour of Ireland, 2024",3,297d6cd8-143a-46af-b5b0-706270247b20,"Ireland vs Pakistan, 3rd T20I",t20,Ireland,Pakistan,Pakistan,"6 wickets","Clontarf Cricket Club Ground, Dublin",2024-05-14
9e86cc05-0937-4056-b0bd-ab8d68a8a003,"Zimbabwe tour of Bangladesh, 2024",5,9b8b2692-da23-48db-8ff1-c5401853e4f6,"Bangladesh vs Zimbabwe, 1st T20I",t20,Bangladesh,Zimbabwe,Bangladesh,"8 wickets","Zahur Ahmed Chowdhury Stadium, Chattogram",2024-05-03
9e86cc05-0937-4056-b0bd-ab8d68a8a003,"Zimbabwe tour of Bangladesh, 2024",5,993fb600-64f6-4460-bbf6-0890e407df40,"Bangladesh vs Zimbabwe, 2nd T20I",t20,Bangladesh,Zimbabwe,Bangladesh,"6 wickets","Zahur Ahmed Chowdhury Stadium, Chattogram",2024-05-05
9e86cc05-0937-4056-b0bd-ab8d68a8a003,"Zimbabwe tour of Bangladesh, 2024",5,cb9b5d98-9d52-4b3d-8146-e0e7b3ce031d,"Bangladesh vs Zimbabwe, 3rd T20I",t20,Bangladesh,Zimbabwe,Bangladesh,"9 runs","Zahur Ahmed Chowdhury Stadium, Chattogram",2024-05-07
9e86cc05-0937-4056-b0bd-ab8d68a8a003,"Zimbabwe tour of Bangladesh, 2024",5,df6ac63e-467a-44c5-9cd2-29b8e73b416e,"Bangladesh vs Zimbabwe, 4th T20I",t20,Bangladesh,Zimbabwe,Bangladesh,"5 runs","Shere Bangla National Stadium, Dhaka",2024-05-10
9e86cc05-0937-4056-b0bd-ab8d68a8a003,"Zimbabwe tour of Bangladesh, 2024",5,91ab95b6-560e-42e4-81eb-6a9d1e490d89,"Bangladesh vs Zimbabwe, 5th T20I",t20,Bangladesh,Zimbabwe,Zimbabwe,"8 wickets","Shere Bangla National Stadium, Dhaka",2024-05-12
db998a03-3ba2-4cd0-a0c3-e852df1411b1,"New Zealand tour of Pakistan, 2024",5,886e5eea-633e-4a95-9bd2-fe8bdedb2af3,"Pakistan vs New Zealand, 1st T20I",t20,Pakistan,"New Zealand",NULL,NULL,"Rawalpindi Cricket Stadium, Rawalpindi",2024-04-18
db998a03-3ba2-4cd0-a0c3-e852df1411b1,"New Zealand tour of Pakistan, 2024",5,29e67768-b449-4e9b-aaee-77a4e6829f26,"Pakistan vs New Zealand, 2nd T20I",t20,Pakistan,"New Zealand",Pakistan,"7 wickets","Rawalpindi Cricket Stadium, Rawalpindi",2024-04-20
db998a03-3ba2-4cd0-a0c3-e852df1411b1,"New Zealand tour of Pakistan, 2024",5,29485c63-5516-4093-aa1e-564f1a5038b4,"Pakistan vs New Zealand, 3rd T20I",t20,Pakistan,"New Zealand","New Zealand","7 wickets","Rawalpindi Cricket Stadium, Rawalpindi",2024-04-21
db998a03-3ba2-4cd0-a0c3-e852df1411b1,"New Zealand tour of Pakistan, 2024",5,4141a8a6-f3bb-4032-9f08-24e33308c3d6,"Pakistan vs New Zealand, 4th T20I",t20,Pakistan,"New Zealand","New Zealand","4 runs","Gaddafi Stadium, Lahore",2024-04-25
db998a03-3ba2-4cd0-a0c3-e852df1411b1,"New Zealand tour of Pakistan, 2024",5,86b06826-27ea-4c25-a63e-a5d09e2e1746,"Pakistan vs New Zealand, 5th T20I",t20,Pakistan,"New Zealand",Pakistan,"9 runs","Gaddafi Stadium, Lahore",2024-04-27
2108e0eb-8376-4525-8e76-cae47fc024ca,"Sri Lanka tour of Bangladesh, 2024",8,e7af98d3-8a75-4c8b-b2af-61f60eece8af,"Bangladesh vs Sri Lanka, 3rd T20I",t20,Bangladesh,"Sri Lanka","Sri Lanka","28 runs","Sylhet International Cricket Stadium, Sylhet",2024-03-09
2108e0eb-8376-4525-8e76-cae47fc024ca,"Sri Lanka tour of Bangladesh, 2024",8,c988cac3-163f-4e80-8270-dda66f350fba,"Bangladesh vs Sri Lanka, 1st ODI",odi,Bangladesh,"Sri Lanka",Bangladesh,"6 wickets","Zahur Ahmed Chowdhury Stadium, Chattogram",2024-03-13
2108e0eb-8376-4525-8e76-cae47fc024ca,"Sri Lanka tour of Bangladesh, 2024",8,c8b5d605-2762-4fd1-92b4-e6ec2c431b95,"Bangladesh vs Sri Lanka, 2nd ODI",odi,Bangladesh,"Sri Lanka","Sri Lanka","3 wickets","Zahur Ahmed Chowdhury Stadium, Chattogram",2024-03-15
2108e0eb-8376-4525-8e76-cae47fc024ca,"Sri Lanka tour of Bangladesh, 2024",8,0249e94e-b337-4728-be80-80b80172de3e,"Bangladesh vs Sri Lanka, 3rd ODI",odi,Bangladesh,"Sri Lanka",Bangladesh,"4 wickets","Zahur Ahmed Chowdhury Stadium, Chattogram",2024-03-18
2108e0eb-8376-4525-8e76-cae47fc024ca,"Sri Lanka tour of Bangladesh, 2024",8,52c83154-2ecd-4034-b2fc-22db4240dbc8,"Bangladesh vs Sri Lanka, 1st Test",test,Bangladesh,"Sri Lanka","Sri Lanka","328 runs","Sylhet International Cricket Stadium, Sylhet",2024-03-22
2108e0eb-8376-4525-8e76-cae47fc024ca,"Sri Lanka tour of Bangladesh, 2024",8,f4aa1627-33c2-4747-b148-cb53f8b50014,"Bangladesh vs Sri Lanka, 2nd Test",test,Bangladesh,"Sri Lanka","Sri Lanka","192 runs","Zahur Ahmed Chowdhury Stadium, Chattogram",2024-03-30
2108e0eb-8376-4525-8e76-cae47fc024ca,"Sri Lanka tour of Bangladesh, 2024",8,4f855f81-2f5c-4a46-9146-07bd52e2dd90,"Bangladesh vs Sri Lanka, 2nd T20I",t20,Bangladesh,"Sri Lanka",Bangladesh,"8 wickets","Sylhet International Cricket Stadium, Sylhet",2024-03-06
2108e0eb-8376-4525-8e76-cae47fc024ca,"Sri Lanka tour of Bangladesh, 2024",8,5b834a4c-5920-4999-ac3d-e14117b17e6b,"Bangladesh vs Sri Lanka, 1st T20I",t20,Bangladesh,"Sri Lanka","Sri Lanka","3 runs","Sylhet International Cricket Stadium, Sylhet",2024-03-04
bcdc07ab-0e96-45f0-9547-f28d16222286,"Pakistan tour of New Zealand, 2024",5,e7ab927e-4b90-4f6a-aae8-66b9202adfd9,"New Zealand vs Pakistan, 4th T20I",t20,"New Zealand",Pakistan,"New Zealand","7 wickets","Hagley Oval, Christchurch",2024-01-19
bcdc07ab-0e96-45f0-9547-f28d16222286,"Pakistan tour of New Zealand, 2024",5,3cc1d51b-0bd4-413c-b8f7-5174750e4056,"New Zealand vs Pakistan, 1st T20I",t20,"New Zealand",Pakistan,"New Zealand","46 runs","Eden Park, Auckland",2024-01-12
bcdc07ab-0e96-45f0-9547-f28d16222286,"Pakistan tour of New Zealand, 2024",5,9e67f42b-90d8-4c8a-8f12-cd8b1553d9ea,"New Zealand vs Pakistan, 2nd T20I",t20,"New Zealand",Pakistan,"New Zealand","21 runs","Seddon Park, Hamilton",2024-01-14
bcdc07ab-0e96-45f0-9547-f28d16222286,"Pakistan tour of New Zealand, 2024",5,36a1cd1f-7250-42e4-8288-26a5164d5d44,"New Zealand vs Pakistan, 3rd T20I",t20,"New Zealand",Pakistan,"New Zealand","45 runs","University Oval, Dunedin",2024-01-17
bcdc07ab-0e96-45f0-9547-f28d16222286,"Pakistan tour of New Zealand, 2024",5,cd26ce70-c2e0-4251-bd83-ead9f63cf242,"New Zealand vs Pakistan, 5th T20I",t20,"New Zealand",Pakistan,Pakistan,"42 runs","Hagley Oval, Christchurch",2024-01-21
66e6e451-1189-476e-addd-0add0d824c14,"Bangladesh tour of New Zealand, 2023",6,5e22c8dc-2a11-4916-a4d6-19aa9b8a240d,"New Zealand vs Bangladesh, 2nd ODI",odi,"New Zealand",Bangladesh,"New Zealand","7 wickets","Saxton Oval, Nelson",2023-12-19
66e6e451-1189-476e-addd-0add0d824c14,"Bangladesh tour of New Zealand, 2023",6,aaf937e3-fe49-4f72-8fc4-fb8e47509450,"New Zealand vs Bangladesh, 1st T20I",t20,"New Zealand",Bangladesh,Bangladesh,"5 wickets","McLean Park, Napier",2023-12-27
66e6e451-1189-476e-addd-0add0d824c14,"Bangladesh tour of New Zealand, 2023",6,a70f40bf-0097-4946-895f-ee6043f6fbca,"New Zealand vs Bangladesh, 1st ODI",odi,"New Zealand",Bangladesh,"New Zealand","44 runs","University Oval, Dunedin",2023-12-16
66e6e451-1189-476e-addd-0add0d824c14,"Bangladesh tour of New Zealand, 2023",6,0c3ddc80-6c57-4ff8-ac8c-05fe7090a4e1,"New Zealand vs Bangladesh, 3rd ODI",odi,"New Zealand",Bangladesh,Bangladesh,"9 wickets","McLean Park, Napier",2023-12-22
66e6e451-1189-476e-addd-0add0d824c14,"Bangladesh tour of New Zealand, 2023",6,f49a8c74-67f3-4378-9fcb-5bb7309bb8fc,"New Zealand vs Bangladesh, 3rd T20I",t20,"New Zealand",Bangladesh,"New Zealand","17 runs","Bay Oval, Mount Maunganui",2023-12-31
66e6e451-1189-476e-addd-0add0d824c14,"Bangladesh tour of New Zealand, 2023",6,166b9686-565d-4173-b319-84d8d443ac9b,"New Zealand vs Bangladesh, 2nd T20I",t20,"New Zealand",Bangladesh,NULL,NULL,"Bay Oval, Mount Maunganui",2023-12-29
f4a53baf-2280-4905-a3e1-43c85b2b3625,"Pakistan tour of Australia, 2023-24",4,42a85ec1-5083-4fdb-813a-694e36e4c892,"Australia vs Pakistan, 1st Test",test,Australia,Pakistan,Australia,"360 runs","Perth Stadium, Perth",2023-12-14
f4a53baf-2280-4905-a3e1-43c85b2b3625,"Pakistan tour of Australia, 2023-24",4,3e524aa7-cab4-4dd2-aeb5-74dbd59a171c,"Australia vs Pakistan, 2nd Test",test,Australia,Pakistan,Australia,"79 runs","Melbourne Cricket Ground, Melbourne",2023-12-25
f4a53baf-2280-4905-a3e1-43c85b2b3625,"Pakistan tour of Australia, 2023-24",4,cb49a194-28d4-4e9c-89a9-1f9bc6ac356c,"Australia vs Pakistan, 3rd Test",test,Australia,Pakistan,Australia,"8 wickets","Sydney Cricket Ground, Sydney",2024-01-02
f4a53baf-2280-4905-a3e1-43c85b2b3625,"Pakistan tour of Australia, 2023-24",4,29e419cb-2b07-49f1-be88-ae629e20fce7,"Prime Ministers XI vs Pakistan, 4-day Warm-up match",test,"Prime Ministers XI",Pakistan,Draw,NULL,"Manuka Oval, Canberra",2023-12-05
6b67a726-2600-4c66-8b32-04042c0ccb4f,"New Zealand tour of Bangladesh, 2023",6,682f767e-7471-4dd4-9241-1d549b26bddb,"Bangladesh vs New Zealand, 1st ODI",odi,Bangladesh,"New Zealand",NULL,NULL,"Shere Bangla National Stadium, Dhaka",2023-09-21
6b67a726-2600-4c66-8b32-04042c0ccb4f,"New Zealand tour of Bangladesh, 2023",6,93855980-0952-40b1-9c37-c05b90d8b4bd,"Bangladesh vs New Zealand, 2nd ODI",odi,Bangladesh,"New Zealand","New Zealand","86 runs","Shere Bangla National Stadium, Dhaka",2023-09-23
6b67a726-2600-4c66-8b32-04042c0ccb4f,"New Zealand tour of Bangladesh, 2023",6,92178b2f-b227-4db5-99aa-0b45ce6fd902,"Bangladesh vs New Zealand, 3rd ODI",odi,Bangladesh,"New Zealand","New Zealand","7 wickets","Shere Bangla National Stadium, Dhaka",2023-09-26
6b67a726-2600-4c66-8b32-04042c0ccb4f,"New Zealand tour of Bangladesh, 2023",6,aaec8779-0537-4360-af95-4ef79f8d0f60,"Bangladesh vs New Zealand, 1st Test",test,Bangladesh,"New Zealand",Bangladesh,"150 runs","Sylhet International Cricket Stadium, Sylhet",2023-11-28
6b67a726-2600-4c66-8b32-04042c0ccb4f,"New Zealand tour of Bangladesh, 2023",6,2f3fcdb8-92a5-44aa-8931-b1f56a0a3ccb,"Bangladesh vs New Zealand, 2nd Test",test,Bangladesh,"New Zealand","New Zealand","4 wickets","Shere Bangla National Stadium, Dhaka",2023-12-06
6b67a726-2600-4c66-8b32-04042c0ccb4f,"New Zealand tour of Bangladesh, 2023",6,b1042598-ead3-4192-b6d8-571138117fc2,"Tbc vs New Zealand, 2-day Practice Match",,Tbc,"New Zealand",NULL,NULL,"Sylhet International Cricket Stadium, Sylhet",2023-11-23
8fc1cbdd-2184-4ebe-be6d-7525b7930d72,"Afghanistan v Pakistan in Sri Lanka, 2023",3,b974abc5-a5ea-47cc-8597-d0a5034b6927,"Afghanistan vs Pakistan, 3rd ODI",odi,Afghanistan,Pakistan,Pakistan,"59 runs","R.Premadasa Stadium, Colombo",2023-08-26
8fc1cbdd-2184-4ebe-be6d-7525b7930d72,"Afghanistan v Pakistan in Sri Lanka, 2023",3,7f2e9a46-0e82-43b6-99a2-07ea04c10e7c,"Afghanistan vs Pakistan, 1st ODI",odi,Afghanistan,Pakistan,Pakistan,"142 runs","Mahinda Rajapaksa International Stadium, Hambantota",2023-08-22
8fc1cbdd-2184-4ebe-be6d-7525b7930d72,"Afghanistan v Pakistan in Sri Lanka, 2023",3,04104c44-33c7-46dc-868d-b8e43f7f801d,"Afghanistan vs Pakistan, 2nd ODI",odi,Afghanistan,Pakistan,Pakistan,"1 wickets","Mahinda Rajapaksa International Stadium, Hambantota",2023-08-24
e1cc5bfd-6b9e-4ad2-8f91-a2ad09341c04,"Pakistan tour of Sri Lanka, 2023",3,67e0850b-579e-49ce-bfad-e8bf5ea53580,"Sri Lanka Cricket Presidents XI vs Pakistan, 2-day Practice Match",test,"Sri Lanka Cricket Presidents XI",Pakistan,Draw,NULL,"Mahinda Rajapaksa International Stadium, Hambantota",2023-07-11
e1cc5bfd-6b9e-4ad2-8f91-a2ad09341c04,"Pakistan tour of Sri Lanka, 2023",3,91018814-c7b5-4de5-a460-2b34f67860de,"Sri Lanka vs Pakistan, 1st Test",test,"Sri Lanka",Pakistan,Pakistan,"4 wickets","Galle International Stadium, Galle",2023-07-16
e1cc5bfd-6b9e-4ad2-8f91-a2ad09341c04,"Pakistan tour of Sri Lanka, 2023",3,0d6fab93-43fa-4017-9a62-4a1220f00762,"Sri Lanka vs Pakistan, 2nd Test",test,"Sri Lanka",Pakistan,Pakistan,"an innings and 222 runs","Sinhalese Sports Club, Colombo",2023-07-24
7874ac06-7c31-497d-a6f3-149093e2d030,"Afghanistan tour of Bangladesh, 2023",6,4996f15f-071a-4292-a97b-355086151250,"Bangladesh vs Afghanistan, 2nd T20I",t20,Bangladesh,Afghanistan,Bangladesh,"6 wickets","Sylhet International Cricket Stadium, Sylhet",2023-07-16
7874ac06-7c31-497d-a6f3-149093e2d030,"Afghanistan tour of Bangladesh, 2023",6,cfc81787-a184-4c49-88b8-f89784e1715f,"Bangladesh vs Afghanistan, Only Test",test,Bangladesh,Afghanistan,Bangladesh,"546 runs","Shere Bangla National Stadium, Dhaka",2023-06-14
7874ac06-7c31-497d-a6f3-149093e2d030,"Afghanistan tour of Bangladesh, 2023",6,429890f1-d357-4427-b170-e77509556f5a,"Bangladesh vs Afghanistan, 1st ODI",odi,Bangladesh,Afghanistan,Afghanistan,"17 runs","Zahur Ahmed Chowdhury Stadium, Chattogram",2023-07-05
7874ac06-7c31-497d-a6f3-149093e2d030,"Afghanistan tour of Bangladesh, 2023",6,eb77c5a0-0a87-445b-bdf9-a965057e42dc,"Bangladesh vs Afghanistan, 2nd ODI",odi,Bangladesh,Afghanistan,Afghanistan,"142 runs","Zahur Ahmed Chowdhury Stadium, Chattogram",2023-07-08
7874ac06-7c31-497d-a6f3-149093e2d030,"Afghanistan tour of Bangladesh, 2023",6,963c4c0c-f940-447a-821c-eae2c2dc0435,"Bangladesh vs Afghanistan, 3rd ODI",odi,Bangladesh,Afghanistan,Bangladesh,"7 wickets","Zahur Ahmed Chowdhury Stadium, Chattogram",2023-07-11
7874ac06-7c31-497d-a6f3-149093e2d030,"Afghanistan tour of Bangladesh, 2023",6,97ab5bd7-41c8-4098-9be3-cf460efdcb09,"Bangladesh vs Afghanistan, 1st T20I",t20,Bangladesh,Afghanistan,Bangladesh,"2 wickets","Sylhet International Cricket Stadium, Sylhet",2023-07-14
80eb012c-a172-4675-b70c-1659b3c7033e,"Afghanistan v Pakistan in UAE, 2023",3,399260af-671a-4268-931e-411ab59c8dd2,"Afghanistan vs Pakistan, 1st T20I",t20,Afghanistan,Pakistan,Afghanistan,"6 wickets","Sharjah Cricket Stadium, Sharjah",2023-03-25
80eb012c-a172-4675-b70c-1659b3c7033e,"Afghanistan v Pakistan in UAE, 2023",3,2560ab5d-07ac-443c-81f2-5302588b24c0,"Afghanistan vs Pakistan, 2nd T20I",t20,Afghanistan,Pakistan,Afghanistan,"7 wickets","Sharjah Cricket Stadium, Sharjah",2023-03-27
80eb012c-a172-4675-b70c-1659b3c7033e,"Afghanistan v Pakistan in UAE, 2023",3,ca3f8f24-8f77-429d-bc51-e5f204d54e5b,"Afghanistan vs Pakistan, 3rd T20I",t20,Afghanistan,Pakistan,Pakistan,"66 runs","Sharjah Cricket Stadium, Sharjah",2023-03-29
800b83c7-0b55-47d2-bee2-3a03847414f7,"Ireland tour of Bangladesh, 2023",8,9c961e72-88b0-4886-8399-80bf2e8b97eb,"Bangladesh vs Ireland, 1st ODI",odi,Bangladesh,Ireland,Bangladesh,"183 runs","Sylhet International Cricket Stadium, Sylhet",2023-03-18
800b83c7-0b55-47d2-bee2-3a03847414f7,"Ireland tour of Bangladesh, 2023",8,381d445b-199f-460b-981c-42658d65a58c,"Bangladesh vs Ireland, 2nd ODI",odi,Bangladesh,Ireland,NULL,NULL,"Sylhet International Cricket Stadium, Sylhet",2023-03-20
800b83c7-0b55-47d2-bee2-3a03847414f7,"Ireland tour of Bangladesh, 2023",8,d3dcb869-944c-4f2c-a039-13a89c35dbb1,"Bangladesh vs Ireland, 3rd ODI",odi,Bangladesh,Ireland,Bangladesh,"10 wickets","Sylhet International Cricket Stadium, Sylhet",2023-03-23
800b83c7-0b55-47d2-bee2-3a03847414f7,"Ireland tour of Bangladesh, 2023",8,36c000f0-5c15-4c2f-99ea-978ecf3e0e7c,"Bangladesh vs Ireland, 1st T20I",t20,Bangladesh,Ireland,Bangladesh,"22 runs","Zahur Ahmed Chowdhury Stadium, Chattogram",2023-03-27
800b83c7-0b55-47d2-bee2-3a03847414f7,"Ireland tour of Bangladesh, 2023",8,57e0d244-7225-4a46-9953-d153ce9f4b8c,"Bangladesh vs Ireland, 2nd T20I",t20,Bangladesh,Ireland,Bangladesh,"77 runs","Zahur Ahmed Chowdhury Stadium, Chattogram",2023-03-29
800b83c7-0b55-47d2-bee2-3a03847414f7,"Ireland tour of Bangladesh, 2023",8,6474e0ed-66ad-4216-99e9-c5d843379f7b,"Bangladesh vs Ireland, 3rd T20I",t20,Bangladesh,Ireland,Ireland,"7 wickets","Zahur Ahmed Chowdhury Stadium, Chattogram",2023-03-31
800b83c7-0b55-47d2-bee2-3a03847414f7,"Ireland tour of Bangladesh, 2023",8,e0efc497-11f9-4a40-beb8-e8f4d3d4f6ff,"Bangladesh vs Ireland, Only Test",test,Bangladesh,Ireland,Bangladesh,"7 wickets","Shere Bangla National Stadium, Dhaka",2023-04-04
800b83c7-0b55-47d2-bee2-3a03847414f7,"Ireland tour of Bangladesh, 2023",8,b6f07aa9-6909-4a1b-a8b5-ea1294783763,"Bangladesh Cricket Board XI vs Ireland, Practice Match",,"Bangladesh Cricket Board XI",Ireland,Ireland,"77 runs","Sylhet International Cricket Stadium, Sylhet",2023-03-15
76415032-6cac-4946-83c3-eaaa8c7ca56c,"England tour of Bangladesh, 2023",6,6bf7d1d9-0818-4b7b-ae28-b6043a006f27,"Bangladesh vs England, 1st ODI",odi,Bangladesh,England,England,"3 wickets","Shere Bangla National Stadium, Dhaka",2023-03-01
76415032-6cac-4946-83c3-eaaa8c7ca56c,"England tour of Bangladesh, 2023",6,7a11257a-8e5c-4cf3-9c34-756fef23456b,"Bangladesh vs England, 2nd ODI",odi,Bangladesh,England,England,"132 runs","Shere Bangla National Stadium, Dhaka",2023-03-03
76415032-6cac-4946-83c3-eaaa8c7ca56c,"England tour of Bangladesh, 2023",6,b2ce11d7-5884-4ce3-88d3-adc74d195baf,"Bangladesh vs England, 3rd ODI",odi,Bangladesh,England,Bangladesh,"50 runs","Zahur Ahmed Chowdhury Stadium, Chattogram",2023-03-06
76415032-6cac-4946-83c3-eaaa8c7ca56c,"England tour of Bangladesh, 2023",6,58db268a-2242-441b-870a-24801b6f87be,"Bangladesh vs England, 1st T20I",t20,Bangladesh,England,Bangladesh,"6 wickets","Zahur Ahmed Chowdhury Stadium, Chattogram",2023-03-09
76415032-6cac-4946-83c3-eaaa8c7ca56c,"England tour of Bangladesh, 2023",6,b3ef3533-907e-4196-8577-95ed972c4dec,"Bangladesh vs England, 2nd T20I",t20,Bangladesh,England,Bangladesh,"4 wickets","Shere Bangla National Stadium, Dhaka",2023-03-12
76415032-6cac-4946-83c3-eaaa8c7ca56c,"England tour of Bangladesh, 2023",6,58f7102c-94e2-41fe-9c1b-84c500063970,"Bangladesh vs England, 3rd T20I",t20,Bangladesh,England,Bangladesh,"16 runs","Shere Bangla National Stadium, Dhaka",2023-03-14
fba50f1a-0d29-44e7-af59-f0ebcb50ffb4,"New Zealand tour of Pakistan, 2022-23",5,498bb23c-beeb-4842-a0b5-bb740978c72d,"Pakistan vs New Zealand, 3rd ODI",odi,Pakistan,"New Zealand","New Zealand","2 wickets","National Stadium, Karachi",2023-01-15
fba50f1a-0d29-44e7-af59-f0ebcb50ffb4,"New Zealand tour of Pakistan, 2022-23",5,2adb5ab1-c89c-4dd0-8253-d4083c28c308,"Pakistan vs New Zealand, 1st Test",test,Pakistan,"New Zealand",Draw,NULL,"National Stadium, Karachi",2022-12-27
fba50f1a-0d29-44e7-af59-f0ebcb50ffb4,"New Zealand tour of Pakistan, 2022-23",5,49c5ed68-a862-493f-8167-d78671ff811c,"Pakistan vs New Zealand, 2nd Test",test,Pakistan,"New Zealand",NULL,NULL,"National Stadium, Karachi",2023-01-04
fba50f1a-0d29-44e7-af59-f0ebcb50ffb4,"New Zealand tour of Pakistan, 2022-23",5,f3a68b3f-a815-4ce6-b6db-e37bacace726,"Pakistan vs New Zealand, 1st ODI",odi,Pakistan,"New Zealand",Pakistan,"6 wickets","National Stadium, Karachi",2023-01-11
fba50f1a-0d29-44e7-af59-f0ebcb50ffb4,"New Zealand tour of Pakistan, 2022-23",5,c889de84-3ca0-43d1-99f8-927b33f7f5b3,"Pakistan vs New Zealand, 2nd ODI",odi,Pakistan,"New Zealand","New Zealand","79 runs","National Stadium, Karachi",2023-01-13
7206be3f-c813-41fd-857a-eb97a654b84d,"India tour of Bangladesh, 2022",5,af97ad05-32d6-466f-949f-739f490341c8,"Bangladesh vs India, 1st ODI",odi,Bangladesh,India,Bangladesh,"1 wickets","Shere Bangla National Stadium, Dhaka",2022-12-04
7206be3f-c813-41fd-857a-eb97a654b84d,"India tour of Bangladesh, 2022",5,e2b15b2c-d04e-4b18-9ce8-be981469aecc,"Bangladesh vs India, 2nd ODI",odi,Bangladesh,India,Bangladesh,"5 runs","Shere Bangla National Stadium, Dhaka",2022-12-07
7206be3f-c813-41fd-857a-eb97a654b84d,"India tour of Bangladesh, 2022",5,251e7692-5a1a-452f-a78b-3b385b1a1167,"Bangladesh vs India, 3rd ODI",odi,Bangladesh,India,India,"227 runs","Zahur Ahmed Chowdhury Stadium, Chattogram",2022-12-10
7206be3f-c813-41fd-857a-eb97a654b84d,"India tour of Bangladesh, 2022",5,3940bcfd-2b0e-4179-a3c4-53c0a9869041,"Bangladesh vs India, 1st Test",test,Bangladesh,India,India,"188 runs","Zahur Ahmed Chowdhury Stadium, Chattogram",2022-12-14
7206be3f-c813-41fd-857a-eb97a654b84d,"India tour of Bangladesh, 2022",5,cf0e0ac5-fdc9-4d11-93ce-7ecaef86d360,"Bangladesh vs India, 2nd Test",test,Bangladesh,India,India,"3 wickets","Shere Bangla National Stadium, Dhaka",2022-12-22
4c67b1e9-b05f-42a8-90e9-29f6d0b73e4c,"Bangladesh tour of United Arab Emirates, 2022",2,d48aa321-e473-4b74-b1c8-d15305d0816e,"United Arab Emirates vs Bangladesh, 1st T20I",t20,"United Arab Emirates",Bangladesh,Bangladesh,"7 runs","Dubai International Cricket Stadium, Dubai",2022-09-25
4c67b1e9-b05f-42a8-90e9-29f6d0b73e4c,"Bangladesh tour of United Arab Emirates, 2022",2,baa5f22e-8f07-402b-ae45-0c68f1714ecc,"United Arab Emirates vs Bangladesh, 2nd T20I",t20,"United Arab Emirates",Bangladesh,Bangladesh,"32 runs","Dubai International Cricket Stadium, Dubai",2022-09-27
0e32a14b-dcdd-4550-8eec-411a46192121,"England tour of Pakistan, 2022",10,aced52a7-2c63-46e8-92d3-1b6eba685c43,"Pakistan vs England, 1st Test",t20,Pakistan,England,England,"74 runs","Rawalpindi Cricket Stadium, Rawalpindi",2022-12-01
0e32a14b-dcdd-4550-8eec-411a46192121,"England tour of Pakistan, 2022",10,c552a399-b68c-4a68-8298-fc2424bc0660,"Pakistan vs England, 2nd Test",t20,Pakistan,England,England,"26 runs","Multan Cricket Stadium, Multan",2022-12-09
0e32a14b-dcdd-4550-8eec-411a46192121,"England tour of Pakistan, 2022",10,2f7eaf83-a65e-4bd7-ac66-080ab5fc9247,"Pakistan vs England, 3rd Test",t20,Pakistan,England,England,"8 wickets","National Stadium, Karachi",2022-12-17
0e32a14b-dcdd-4550-8eec-411a46192121,"England tour of Pakistan, 2022",10,49c262c3-3907-4f2c-87f7-6c4253a3c9b3,"Pakistan vs England, 1st T20I",t20,Pakistan,England,England,"6 wickets","National Stadium, Karachi",2022-09-20
0e32a14b-dcdd-4550-8eec-411a46192121,"England tour of Pakistan, 2022",10,2437ea6a-740f-4a8a-9a70-c9b52953af32,"Pakistan vs England, 2nd T20I",t20,Pakistan,England,Pakistan,"10 wickets","National Stadium, Karachi",2022-09-22
0e32a14b-dcdd-4550-8eec-411a46192121,"England tour of Pakistan, 2022",10,7ac62b35-fefc-4fef-adf4-86fdd6a41b60,"Pakistan vs England, 3rd T20I",t20,Pakistan,England,England,"63 runs","National Stadium, Karachi",2022-09-23
0e32a14b-dcdd-4550-8eec-411a46192121,"England tour of Pakistan, 2022",10,cefd4968-7dba-4f66-847b-b2d4ed4d3f67,"Pakistan vs England, 4th T20I",t20,Pakistan,England,Pakistan,"3 runs","National Stadium, Karachi",2022-09-25
0e32a14b-dcdd-4550-8eec-411a46192121,"England tour of Pakistan, 2022",10,b7326cff-68d1-491f-ab80-597a6946abcf,"Pakistan vs England, 5th T20I",t20,Pakistan,England,Pakistan,"6 runs","Gaddafi Stadium, Lahore",2022-09-28
0e32a14b-dcdd-4550-8eec-411a46192121,"England tour of Pakistan, 2022",10,88e81389-b153-4984-b419-9bee9ac3c5ac,"Pakistan vs England, 6th T20I",t20,Pakistan,England,England,"8 wickets","Gaddafi Stadium, Lahore",2022-09-30
0e32a14b-dcdd-4550-8eec-411a46192121,"England tour of Pakistan, 2022",10,157e345d-ba4d-4f56-9046-31a126ed826b,"Pakistan vs England, 7th T20I",t20,Pakistan,England,England,"67 runs","Gaddafi Stadium, Lahore",2022-10-02
f9bd7903-7d56-4827-b875-4bd402a05674,"Pakistan tour of Netherlands, 2022",3,687e8039-173e-4f16-98a1-85ee7b800347,"Netherlands vs Pakistan, 1st ODI (Rescheduled match)",odi,Netherlands,Pakistan,Pakistan,"16 runs","Hazelaarweg, Rotterdam",2022-08-16
f9bd7903-7d56-4827-b875-4bd402a05674,"Pakistan tour of Netherlands, 2022",3,eec92b93-04a0-4244-a733-854a876aa497,"Netherlands vs Pakistan, 2nd ODI (Rescheduled match)",odi,Netherlands,Pakistan,Pakistan,"7 wickets","Hazelaarweg, Rotterdam",2022-08-18
f9bd7903-7d56-4827-b875-4bd402a05674,"Pakistan tour of Netherlands, 2022",3,31e90d74-053e-4f39-96fe-ed9528fe73ff,"Netherlands vs Pakistan, 3rd ODI (Rescheduled match)",odi,Netherlands,Pakistan,Pakistan,"9 runs","Hazelaarweg, Rotterdam",2022-08-21
97aa5039-66de-4758-b357-9c187a6f78e5,"Bangladesh tour of Zimbabwe, 2022",6,65f8d860-e5c2-4137-a497-dae74962e125,"Zimbabwe vs Bangladesh, 2nd T20I",t20,Zimbabwe,Bangladesh,Bangladesh,"7 wickets","Harare Sports Club, Harare",2022-07-31
97aa5039-66de-4758-b357-9c187a6f78e5,"Bangladesh tour of Zimbabwe, 2022",6,980de7ad-e428-4e43-9dee-3a4ecc03d17b,"Zimbabwe vs Bangladesh, 3rd T20I",t20,Zimbabwe,Bangladesh,Zimbabwe,"10 runs","Harare Sports Club, Harare",2022-08-02
97aa5039-66de-4758-b357-9c187a6f78e5,"Bangladesh tour of Zimbabwe, 2022",6,161f9aca-df56-4280-ad97-1646a2074097,"Zimbabwe vs Bangladesh, 3rd ODI",t20,Zimbabwe,Bangladesh,Bangladesh,"105 runs","Harare Sports Club, Harare",2022-08-10
97aa5039-66de-4758-b357-9c187a6f78e5,"Bangladesh tour of Zimbabwe, 2022",6,2b22eb78-8c9b-46ad-ac43-bab12be1ed4c,"Zimbabwe vs Bangladesh, 2nd ODI",t20,Zimbabwe,Bangladesh,Zimbabwe,"5 wickets","Harare Sports Club, Harare",2022-08-07
97aa5039-66de-4758-b357-9c187a6f78e5,"Bangladesh tour of Zimbabwe, 2022",6,9ecc8773-277f-42fa-90e9-38b37ceefe59,"Zimbabwe vs Bangladesh, 1st T20I",t20,Zimbabwe,Bangladesh,Zimbabwe,"17 runs","Harare Sports Club, Harare",2022-07-30
97aa5039-66de-4758-b357-9c187a6f78e5,"Bangladesh tour of Zimbabwe, 2022",6,b79245c7-42b8-4735-975b-3bb7a1bb221f,"Zimbabwe vs Bangladesh, 1st ODI",t20,Zimbabwe,Bangladesh,Zimbabwe,"5 wickets","Harare Sports Club, Harare",2022-08-05
9ddc7495-f650-4526-b1ed-f5e7ee149bed,"Pakistan tour of Sri Lanka, 2022",3,117b9122-ea36-405f-b4bc-f2d0ddf7bb82,"Sri Lanka Cricket XI vs Pakistan, 3-day Warm-up Match",test,"Sri Lanka Cricket XI",Pakistan,Draw,NULL,"Colts Cricket Club Ground, Colombo",2022-07-11
9ddc7495-f650-4526-b1ed-f5e7ee149bed,"Pakistan tour of Sri Lanka, 2022",3,6ecf69be-341a-4913-ba11-a4a9cf752655,"Sri Lanka vs Pakistan, 1st Test",test,"Sri Lanka",Pakistan,Pakistan,"4 wickets","Galle International Stadium, Galle",2022-07-16
9ddc7495-f650-4526-b1ed-f5e7ee149bed,"Pakistan tour of Sri Lanka, 2022",3,d3a14570-d54f-4bcb-82df-84f52b59df3c,"Sri Lanka vs Pakistan, 2nd Test",test,"Sri Lanka",Pakistan,"Sri Lanka","246 runs","Galle International Stadium, Galle",2022-07-24
a943264f-7b01-49f1-9522-dda25aef1b5a,"Bangladesh tour of West Indies, 2022",8,05778da1-0517-49d7-a35f-263a742950da,"West Indies vs Bangladesh, 1st Test",test,"West Indies",Bangladesh,"West Indies","7 wickets","Sir Vivian Richards Stadium, North Sound, Antigua",2022-06-16
a943264f-7b01-49f1-9522-dda25aef1b5a,"Bangladesh tour of West Indies, 2022",8,21f487c8-1a2a-42aa-90cc-0bec2181c006,"West Indies vs Bangladesh, 2nd Test",test,"West Indies",Bangladesh,"West Indies","10 wickets","Daren Sammy National Cricket Stadium, Gros Islet, St Lucia",2022-06-24
a943264f-7b01-49f1-9522-dda25aef1b5a,"Bangladesh tour of West Indies, 2022",8,ed210d1e-d9f8-45e2-b621-003fc4e8f319,"West Indies vs Bangladesh, 1st T20I",t20,"West Indies",Bangladesh,NULL,NULL,"Windsor Park, Roseau, Dominica",2022-07-03
a943264f-7b01-49f1-9522-dda25aef1b5a,"Bangladesh tour of West Indies, 2022",8,bc94235a-45e7-4714-895c-aa2259188459,"West Indies vs Bangladesh, 2nd T20I",t20,"West Indies",Bangladesh,"West Indies","35 runs","Windsor Park, Roseau, Dominica",2022-07-04
a943264f-7b01-49f1-9522-dda25aef1b5a,"Bangladesh tour of West Indies, 2022",8,f0f0d6ba-930f-4fd9-994c-8775ef2a145e,"West Indies vs Bangladesh, 3rd T20I",t20,"West Indies",Bangladesh,"West Indies","5 wickets","Providence Stadium, Guyana",2022-07-08
a943264f-7b01-49f1-9522-dda25aef1b5a,"Bangladesh tour of West Indies, 2022",8,f7509b43-2a9c-44a1-a66b-d1e7d255da69,"West Indies vs Bangladesh, 1st ODI",odi,"West Indies",Bangladesh,Bangladesh,"6 wickets","Providence Stadium, Guyana",2022-07-10
a943264f-7b01-49f1-9522-dda25aef1b5a,"Bangladesh tour of West Indies, 2022",8,9ef629a8-2548-4149-a0e7-dceeb5ca754c,"West Indies vs Bangladesh, 2nd ODI",odi,"West Indies",Bangladesh,Bangladesh,"9 wickets","Providence Stadium, Guyana",2022-07-13
a943264f-7b01-49f1-9522-dda25aef1b5a,"Bangladesh tour of West Indies, 2022",8,6e18fa0e-425a-474c-8095-19617ac9b195,"West Indies vs Bangladesh, 3rd ODI",odi,"West Indies",Bangladesh,Bangladesh,"4 wickets","Providence Stadium, Guyana",2022-07-16
b5108aba-0694-42c4-b9eb-8f5eda5a41c7,"Sri Lanka tour of Bangladesh, 2022",3,ae9977b1-4fcb-40c0-8782-ce5429743a48,"Bangladesh Cricket Board XI vs Sri Lanka, 2-day Practice Match",test,"Bangladesh Cricket Board XI","Sri Lanka",Draw,NULL,"Bangladesh Krira Shikkha Protisthan No 3 Ground, Savar",2022-05-11
b5108aba-0694-42c4-b9eb-8f5eda5a41c7,"Sri Lanka tour of Bangladesh, 2022",3,cde84a7d-53a6-49b6-83dd-f357ad548ee2,"Bangladesh vs Sri Lanka, 1st Test",test,Bangladesh,"Sri Lanka",Draw,NULL,"Zahur Ahmed Chowdhury Stadium, Chattogram",2022-05-15
b5108aba-0694-42c4-b9eb-8f5eda5a41c7,"Sri Lanka tour of Bangladesh, 2022",3,b3e175c8-1702-4603-8d57-9a40c64341d6,"Bangladesh vs Sri Lanka, 2nd Test",test,Bangladesh,"Sri Lanka","Sri Lanka","10 wickets","Shere Bangla National Stadium, Dhaka",2022-05-23
36f223f7-2ec9-46a0-9d19-f715aea35c4b,"Bangladesh tour of South Africa, 2022",5,464a5540-d904-420e-8ca2-4bcc30f173b3,"South Africa vs Bangladesh, 1st ODI",odi,"South Africa",Bangladesh,Bangladesh,"38 runs","SuperSport Park, Centurion",2022-03-18
36f223f7-2ec9-46a0-9d19-f715aea35c4b,"Bangladesh tour of South Africa, 2022",5,76557388-54a1-4cda-80ad-4a3d24469a72,"South Africa vs Bangladesh, 3rd ODI",odi,"South Africa",Bangladesh,Bangladesh,"9 wickets","SuperSport Park, Centurion",2022-03-23
36f223f7-2ec9-46a0-9d19-f715aea35c4b,"Bangladesh tour of South Africa, 2022",5,089e0d35-701d-4680-b6db-e9f68200093d,"South Africa vs Bangladesh, 1st Test",test,"South Africa",Bangladesh,"South Africa","220 runs","Kingsmead, Durban",2022-03-31
36f223f7-2ec9-46a0-9d19-f715aea35c4b,"Bangladesh tour of South Africa, 2022",5,d313f474-23ab-4537-a72d-f8eb3720c629,"South Africa vs Bangladesh, 2nd Test",test,"South Africa",Bangladesh,"South Africa","332 runs","St George's Park, Port Elizabeth",2022-04-08
36f223f7-2ec9-46a0-9d19-f715aea35c4b,"Bangladesh tour of South Africa, 2022",5,6499d863-df5c-4ce1-8753-fab63a62af1e,"South Africa vs Bangladesh, 2nd ODI",odi,"South Africa",Bangladesh,"South Africa","7 wickets","The Wanderers Stadium, Johannesburg",2022-03-20
92eb0c07-afc4-4ca9-81e5-118706b42a1d,"Australia tour of Pakistan, 2022",7,75026b2a-b52c-4a60-960f-dc37021a0c87,"Pakistan vs Australia, 1st Test",test,Pakistan,Australia,Draw,NULL,"Rawalpindi Cricket Stadium, Rawalpindi",2022-03-04
92eb0c07-afc4-4ca9-81e5-118706b42a1d,"Australia tour of Pakistan, 2022",7,08b09f43-ad02-475b-9a57-3676f0401a9d,"Pakistan vs Australia, 2nd Test",test,Pakistan,Australia,Draw,NULL,"National Stadium, Karachi",2022-03-12
92eb0c07-afc4-4ca9-81e5-118706b42a1d,"Australia tour of Pakistan, 2022",7,80c66f70-b0a0-4dbf-bc8e-2ea7736bcc14,"Pakistan vs Australia, 3rd Test",test,Pakistan,Australia,Australia,"115 runs","Gaddafi Stadium, Lahore",2022-03-21
92eb0c07-afc4-4ca9-81e5-118706b42a1d,"Australia tour of Pakistan, 2022",7,53616d45-d059-4503-8357-896052f3e597,"Pakistan vs Australia, 1st ODI",odi,Pakistan,Australia,Australia,"88 runs","Gaddafi Stadium, Lahore",2022-03-29
92eb0c07-afc4-4ca9-81e5-118706b42a1d,"Australia tour of Pakistan, 2022",7,f53d74d1-c1cc-43a9-aa97-9291aa9dc26c,"Pakistan vs Australia, 2nd ODI",odi,Pakistan,Australia,Pakistan,"6 wickets","Gaddafi Stadium, Lahore",2022-03-31
92eb0c07-afc4-4ca9-81e5-118706b42a1d,"Australia tour of Pakistan, 2022",7,0f8b48b4-288e-4ff7-ba79-3f6650559287,"Pakistan vs Australia, 3rd ODI",odi,Pakistan,Australia,Pakistan,"9 wickets","Gaddafi Stadium, Lahore",2022-04-02
92eb0c07-afc4-4ca9-81e5-118706b42a1d,"Australia tour of Pakistan, 2022",7,30bfd8b4-4753-4fad-96d7-ec2a78b17e11,"Pakistan vs Australia, Only T20I",t20,Pakistan,Australia,Australia,"3 wickets","Gaddafi Stadium, Lahore",2022-04-05
ca1c36e0-d2e9-4f47-806f-f00bebb836de,"Afghanistan tour of Bangladesh, 2022",5,3d4fc9cf-50d5-4f26-931b-dd5bac7cc563,"Bangladesh vs Afghanistan, 1st T20I",t20,Bangladesh,Afghanistan,Bangladesh,"61 runs","Shere Bangla National Stadium, Dhaka",2022-03-03
ca1c36e0-d2e9-4f47-806f-f00bebb836de,"Afghanistan tour of Bangladesh, 2022",5,a403de77-88cc-454d-a687-f93757d2d1cd,"Bangladesh vs Afghanistan, 2nd T20I",t20,Bangladesh,Afghanistan,Afghanistan,"8 wickets","Shere Bangla National Stadium, Dhaka",2022-03-05
ca1c36e0-d2e9-4f47-806f-f00bebb836de,"Afghanistan tour of Bangladesh, 2022",5,ba42f187-ef19-489c-8cf1-714822eec922,"Bangladesh vs Afghanistan, 1st ODI",odi,Bangladesh,Afghanistan,Bangladesh,"4 wickets","Zahur Ahmed Chowdhury Stadium, Chattogram",2022-02-23
ca1c36e0-d2e9-4f47-806f-f00bebb836de,"Afghanistan tour of Bangladesh, 2022",5,7a635c03-ec3e-4a9d-b1b8-ea1975eef6af,"Bangladesh vs Afghanistan, 2nd ODI",odi,Bangladesh,Afghanistan,Bangladesh,"88 runs","Zahur Ahmed Chowdhury Stadium, Chattogram",2022-02-25
ca1c36e0-d2e9-4f47-806f-f00bebb836de,"Afghanistan tour of Bangladesh, 2022",5,79dfed05-b1bb-4df2-ab22-f387d2e876d0,"Bangladesh vs Afghanistan, 3rd ODI",odi,Bangladesh,Afghanistan,Afghanistan,"7 wickets","Zahur Ahmed Chowdhury Stadium, Chattogram",2022-02-28
ca5a2977-f145-484d-9090-5b51090b0408,"West Indies tour of Pakistan, 2021-22",6,d6c65c67-1cd4-4376-846c-f5a443e61932,"Pakistan vs West Indies, 1st T20I",t20,Pakistan,"West Indies",Pakistan,"63 runs","National Stadium, Karachi",2021-12-13
ca5a2977-f145-484d-9090-5b51090b0408,"West Indies tour of Pakistan, 2021-22",6,ea5ac1fd-bf22-4bbc-a79f-fb1699b4c82b,"Pakistan vs West Indies, 2nd T20I",t20,Pakistan,"West Indies",Pakistan,"9 runs","National Stadium, Karachi",2021-12-14
ca5a2977-f145-484d-9090-5b51090b0408,"West Indies tour of Pakistan, 2021-22",6,ee02af15-9955-4dab-b07a-91f989cee16b,"Pakistan vs West Indies, 3rd T20I",t20,Pakistan,"West Indies",Pakistan,"7 wickets","National Stadium, Karachi",2021-12-16
ca5a2977-f145-484d-9090-5b51090b0408,"West Indies tour of Pakistan, 2021-22",6,972b8527-762d-46a5-a835-c75852a42239,"Pakistan vs West Indies, 1st ODI (Rescheduled match)",odi,Pakistan,"West Indies",Pakistan,"5 wickets","Multan Cricket Stadium, Multan",2022-06-08
ca5a2977-f145-484d-9090-5b51090b0408,"West Indies tour of Pakistan, 2021-22",6,7488e705-828e-4bf0-adf2-283770ac81a2,"Pakistan vs West Indies, 2nd ODI (Rescheduled match)",odi,Pakistan,"West Indies",Pakistan,"120 runs","Multan Cricket Stadium, Multan",2022-06-10
ca5a2977-f145-484d-9090-5b51090b0408,"West Indies tour of Pakistan, 2021-22",6,097c5aa1-0ef6-4f52-af60-b991c54fb27d,"Pakistan vs West Indies, 3rd ODI (Rescheduled match)",odi,Pakistan,"West Indies",Pakistan,"53 runs","Multan Cricket Stadium, Multan",2022-06-12
